frame_idx,left_to_right,right_to_left
0,0,0
1,0,0
2,0,0
3,0,0
4,0,0
5,0,0
6,0,0
7,0,0
8,0,0
9,0,0
10,0,0
11,0,0
12,0,0
13,0,0
14,0,0
15,0,0
16,0,0
17,0,0
18,0,0
19,0,0
20,0,0
21,0,0
22,0,0
23,0,0
24,0,0
25,0,0
26,0,0
27,0,0
28,0,0
29,0,0
30,0,0
31,0,0
32,0,0
33,0,0
34,0,0
35,0,0
36,0,0
37,0,0
38,0,0
39,0,0
40,0,0
41,0,0
42,0,0
43,0,0
44,1,0
45,1,0
46,1,0
47,1,0
48,1,0
49,1,0
50,1,0
51,1,0
52,1,0
53,1,0
54,1,0
55,1,0
56,1,0
57,1,0
58,1,0
59,1,0
60,1,0
61,1,0
62,1,0
63,1,0
64,1,0
65,1,0
66,1,0
67,1,0
68,1,0
69,1,0
70,1,0
71,1,0
72,1,0
73,1,0
74,1,0
75,1,0
76,1,0
77,1,0
78,1,0
79,1,0
80,1,0
81,1,0
82,1,0
83,1,0
84,1,0
85,1,0
86,1,0
87,1,0
88,1,0
89,1,0
90,1,0
91,1,0
92,1,0
93,1,0
94,1,0
95,1,0
96,1,0
97,1,0
98,1,0
99,1,0
100,1,0
101,1,0
102,1,0
103,1,0
104,1,0
105,1,0
106,1,0
107,1,0
108,1,0
109,1,0
110,1,0
111,1,0
112,1,0
113,1,0
114,1,0
115,1,0
116,1,0
117,1,0
118,1,0
119,1,0
120,1,0
121,1,0
122,1,0
123,1,0
124,1,0
125,1,0
126,1,0
127,1,0
128,1,0
129,1,0
130,1,0
131,1,0
132,1,0
133,1,0
134,1,0
135,1,0
136,1,0
137,1,0
138,1,0
139,1,0
140,1,0
141,1,0
142,1,0
143,1,0
144,1,0
145,1,0
146,1,0
147,1,0
148,1,0
149,1,0
150,1,0
151,1,0
152,1,0
153,1,0
154,1,0
155,1,0
156,1,0
157,1,0
158,1,0
159,1,0
160,1,0
161,1,0
162,1,0
163,1,0
164,1,0
165,1,0
166,1,0
167,1,0
168,1,0
169,1,0
170,1,0
171,1,0
172,1,0
173,1,0
174,1,0
175,1,0
176,1,0
177,1,0
178,1,0
179,1,0
180,1,0
181,1,0
182,1,0
183,1,0
184,1,0
185,1,0
186,1,0
187,1,0
188,1,0
189,1,0
190,1,0
191,1,0
192,1,0
193,1,0
194,1,0
195,1,0
196,1,0
197,1,0
198,1,0
199,1,0
200,1,0
201,1,0
202,1,0
203,1,0
204,1,0
205,1,0
206,1,0
207,1,0
208,1,0
209,1,0
210,1,0
211,1,0
212,1,0
213,1,0
214,1,0
215,1,0
216,2,0
217,2,0
218,2,0
219,2,0
220,2,0
221,2,0
222,2,0
223,2,0
224,2,0
225,2,0
226,2,0
227,2,0
228,2,0
229,2,0
230,2,0
231,2,0
232,2,0
233,2,0
234,2,0
235,2,0
236,2,0
237,2,0
238,2,0
239,2,0
240,2,0
241,2,0
242,2,0
243,2,0
244,2,0
245,2,0
246,2,0
247,2,0
248,2,0
249,2,0
250,2,0
251,2,0
252,2,0
253,2,0
254,2,0
255,2,0
256,2,0
257,2,0
258,2,0
259,2,0
260,2,0
261,2,0
262,2,0
263,2,0
264,2,0
265,2,0
266,2,0
267,2,0
268,2,0
269,2,0
270,2,0
271,2,0
272,2,0
273,2,0
274,2,0
275,2,0
276,2,0
277,2,0
278,2,0
279,2,0
280,2,0
281,2,0
282,2,0
283,2,0
284,2,0
285,2,0
286,2,0
287,2,0
288,2,0
289,2,0
290,2,0
291,2,0
292,2,0
293,2,0
294,2,0
295,2,0
296,2,0
297,2,0
298,2,0
299,2,0
300,2,0
301,2,0
302,2,0
303,2,0
304,2,0
305,2,0
306,2,0
307,2,0
308,2,0
309,2,0
310,2,0
311,2,0
312,2,0
313,2,0
314,2,0
315,2,1
316,2,1
317,2,1
318,2,1
319,2,1
320,2,1
321,2,1
322,2,1
323,2,1
324,2,1
325,2,1
326,2,1
327,2,1
328,2,1
329,2,1
330,2,1
331,2,1
332,2,1
333,2,1
334,2,1
335,2,1
336,2,1
337,2,1
338,2,1
339,2,1
340,2,1
341,2,1
342,2,1
343,2,1
344,2,1
345,2,1
346,2,1
347,2,1
348,2,1
349,2,1
350,2,1
351,2,1
352,2,1
353,2,1
354,2,1
355,2,1
356,2,1
357,2,1
358,2,1
359,2,1
360,2,1
361,2,1
362,2,1
363,2,1
364,2,1
365,2,1
366,2,1
367,2,1
368,2,1
369,2,1
370,2,1
371,2,1
372,2,1
373,2,1
374,2,1
375,2,1
376,2,1
377,2,1
378,2,1
379,2,1
380,2,1
381,2,1
382,2,1
383,2,1
384,2,1
385,2,1
386,2,1
387,2,1
388,2,1
389,2,1
390,2,1
391,3,1
392,3,1
393,3,1
394,3,1
395,3,1
396,3,1
397,3,1
398,3,1
399,3,1
400,3,1
401,3,1
402,3,1
403,3,1
404,3,1
405,3,1
406,3,1
407,3,1
408,3,1
409,3,1
410,3,1
411,3,1
412,3,1
413,3,1
414,3,1
415,3,1
416,3,1
417,3,1
418,3,1
419,3,1
420,3,1
421,3,1
422,3,1
423,3,1
424,3,1
425,3,1
426,3,1
427,3,1
428,3,1
429,3,1
430,3,1
431,3,2
432,3,2
433,3,2
434,3,2
435,3,2
436,3,2
437,3,2
438,3,2
439,3,2
440,3,2
441,3,2
442,3,2
443,3,2
444,3,2
445,3,2
446,3,2
447,3,2
448,3,2
449,3,2
450,3,2
451,3,2
452,3,2
453,3,2
454,3,2
455,3,2
456,3,2
457,3,2
458,3,2
459,3,2
460,3,2
461,3,2
462,3,2
463,3,2
464,3,2
465,3,2
466,3,2
467,3,2
468,3,2
469,3,2
470,3,2
471,3,2
472,3,2
473,3,2
474,3,2
475,3,2
476,3,2
477,3,2
478,3,2
479,3,2
480,3,2
481,3,2
482,3,2
483,3,2
484,3,2
485,3,2
486,3,2
487,3,2
488,3,2
489,3,2
490,3,2
491,3,2
492,3,2
493,3,2
494,3,2
495,3,2
496,3,2
497,3,2
498,3,2
499,3,2
500,3,2
501,3,2
502,3,2
503,3,2
504,3,2
505,3,2
506,3,2
507,3,2
508,3,2
509,3,2
510,3,2
511,3,2
512,3,2
513,3,2
514,3,2
515,3,2
516,3,2
517,3,2
518,3,2
519,3,2
520,3,2
521,3,2
522,3,2
523,3,2
524,3,2
525,3,2
526,3,2
527,3,2
528,3,2
529,3,2
530,3,2
531,3,2
532,3,2
533,3,2
534,3,2
535,3,2
536,3,2
537,3,2
538,3,2
539,3,2
540,3,2
541,3,2
542,3,2
543,3,2
544,3,2
545,3,2
546,3,2
547,3,2
548,3,2
549,3,2
550,3,2
551,3,2
552,3,2
553,3,2
554,3,2
555,3,2
556,3,2
557,3,2
558,3,2
559,3,2
560,3,2
561,3,2
562,3,2
563,3,2
564,3,2
565,3,2
566,3,2
567,3,2
568,3,2
569,3,2
570,3,2
571,3,2
572,3,2
573,3,2
574,3,2
575,3,2
576,3,2
577,3,2
578,3,2
579,3,2
580,3,2
581,3,2
582,3,2
583,3,2
584,3,2
585,3,2
586,3,2
587,3,2
588,3,2
589,3,2
590,3,2
591,3,2
592,3,2
593,3,2
594,3,2
595,3,2
596,3,2
597,3,2
598,3,2
599,3,2
600,3,2
601,3,2
602,3,2
603,3,2
604,3,2
605,3,2
606,3,2
607,3,2
608,3,2
609,3,2
610,3,2
611,3,2
612,3,2
613,3,2
614,3,2
615,3,2
616,3,2
617,3,2
618,3,2
619,3,2
620,3,2
621,3,2
622,3,2
623,3,2
624,3,2
625,3,2
626,3,2
627,3,2
628,3,2
629,3,2
630,3,2
631,3,2
632,3,2
633,3,2
634,3,2
635,3,2
636,3,2
637,3,2
638,3,2
639,3,2
640,3,2
641,3,2
642,3,2
643,3,2
644,3,2
645,3,2
646,3,2
647,3,2
648,3,2
649,3,2
650,3,2
651,3,2
652,3,2
653,3,2
654,3,2
655,3,2
656,3,2
657,3,2
658,3,2
659,3,2
660,3,2
661,3,2
662,3,2
663,3,2
664,3,2
665,3,2
666,3,2
667,3,2
668,3,2
669,3,2
670,3,2
671,3,2
672,3,2
673,3,2
674,3,2
675,3,2
676,3,2
677,3,2
678,3,2
679,3,2
680,3,2
681,3,2
682,3,2
683,3,2
684,3,2
685,3,2
686,3,2
687,3,2
688,3,2
689,3,2
690,3,2
691,3,2
692,3,2
693,3,2
694,3,2
695,3,2
696,3,2
697,3,2
698,3,2
699,3,2
700,3,2
701,3,2
702,3,2
703,3,2
704,3,2
705,3,2
706,3,2
707,3,2
708,3,2
709,3,2
710,3,2
711,3,2
712,3,2
713,3,2
714,3,2
715,3,2
716,3,2
717,3,2
718,3,2
719,3,2
720,3,2
721,3,2
722,3,2
723,3,2
724,3,2
725,3,2
726,3,2
727,3,2
728,3,2
729,3,2
730,3,2
731,3,2
732,3,2
733,3,2
734,3,2
735,3,2
736,3,2
737,3,2
738,3,2
739,3,2
740,3,2
741,3,2
742,3,2
743,3,2
744,3,2
745,3,2
746,3,2
747,3,2
748,3,2
749,3,2
750,3,2
751,3,2
752,3,2
753,3,2
754,3,2
755,3,2
756,3,2
757,3,2
758,3,2
759,3,2
760,3,2
761,3,2
762,3,2
763,3,2
764,3,2
765,3,2
766,3,2
767,3,2
768,3,2
769,3,2
770,3,2
771,3,2
772,3,2
773,3,2
774,3,2
775,3,2
776,3,2
777,3,2
778,3,2
779,3,2
780,3,2
781,3,2
782,3,2
783,3,2
784,3,2
785,3,2
786,3,2
787,3,2
788,3,2
789,3,2
790,3,2
791,3,2
792,3,2
793,3,2
794,3,2
795,3,2
796,3,2
797,3,2
798,3,2
799,3,2
800,3,2
801,3,2
802,3,2
803,3,2
804,3,2
805,3,2
806,3,2
807,3,2
808,3,2
809,3,2
810,3,2
811,3,2
812,3,2
813,3,2
814,3,2
815,3,2
816,3,2
817,3,2
818,3,2
819,3,2
820,3,2
821,3,2
822,3,2
823,3,2
824,3,2
825,3,2
826,3,2
827,3,2
828,3,2
829,3,2
830,3,2
831,3,2
832,3,2
833,3,2
834,3,2
835,3,2
836,3,2
837,3,2
838,3,2
839,3,2
840,3,2
841,3,2
842,3,2
843,3,2
844,3,2
845,3,2
846,3,2
847,3,2
848,3,2
849,3,2
850,3,2
851,3,2
852,3,2
853,3,2
854,3,2
855,3,2
856,3,2
857,3,2
858,3,2
859,3,2
860,3,2
861,3,2
862,3,2
863,3,2
864,3,2
865,3,2
866,3,2
867,3,2
868,3,2
869,3,2
870,3,2
871,3,2
872,3,2
873,3,2
874,3,2
875,3,2
876,3,2
877,3,2
878,3,2
879,3,2
880,3,2
881,3,2
882,3,2
883,3,2
884,3,2
885,3,2
886,3,2
887,3,2
888,3,2
889,3,2
890,3,2
891,3,2
892,3,2
893,3,2
894,3,2
895,3,2
896,3,2
897,3,2
898,3,2
899,3,2
900,3,2
901,3,2
902,3,2
903,3,2
904,3,2
905,3,2
906,3,2
907,3,2
908,3,2
909,3,2
910,3,2
911,3,2
912,3,2
913,3,2
914,3,2
915,3,2
916,3,2
917,3,2
918,3,2
919,3,2
920,3,2
921,3,2
922,3,2
923,3,2
924,3,2
925,3,2
926,3,2
927,3,2
928,3,2
929,3,2
930,3,2
931,3,2
932,3,2
933,3,2
934,3,2
935,3,2
936,3,2
937,3,2
938,3,2
939,3,2
940,3,2
941,3,2
942,3,2
943,3,2
944,3,2
945,3,2
946,3,2
947,3,2
948,3,2
949,3,2
950,3,2
951,3,2
952,3,2
953,3,2
954,3,2
955,4,2
956,4,2
957,4,2
958,4,2
959,4,2
960,4,2
961,4,2
962,4,2
963,4,2
964,4,2
965,4,2
966,4,2
967,4,2
968,4,2
969,4,2
970,4,2
971,4,2
972,4,2
973,4,2
974,4,2
975,4,2
976,4,2
977,4,2
978,4,2
979,4,2
980,4,2
981,4,2
982,4,2
983,4,2
984,4,2
985,4,2
986,4,2
987,4,2
988,4,2
989,4,2
990,4,2
991,4,2
992,4,2
993,4,2
994,4,2
995,4,2
996,4,2
997,4,2
998,4,2
999,4,2
1000,4,2
1001,4,2
1002,4,2
1003,4,2
1004,4,2
1005,4,2
1006,4,2
1007,4,2
1008,4,2
1009,4,2
1010,4,2
1011,4,2
1012,4,2
1013,4,2
1014,4,2
1015,4,2
1016,4,2
1017,4,2
1018,4,2
1019,4,2
1020,4,2
1021,4,2
1022,4,2
1023,4,2
1024,4,2
1025,4,2
1026,4,2
1027,4,2
1028,4,2
1029,4,2
1030,4,2
1031,4,2
1032,4,2
1033,4,2
1034,4,2
1035,4,2
1036,4,2
1037,4,2
1038,4,2
1039,4,2
1040,4,2
1041,4,2
1042,4,2
1043,4,2
1044,4,2
1045,4,2
1046,4,2
1047,4,2
1048,4,2
1049,4,2
1050,4,2
1051,4,2
1052,4,2
1053,4,2
1054,4,2
1055,4,2
1056,4,2
1057,4,2
1058,4,2
1059,4,2
1060,4,2
1061,4,2
1062,4,2
1063,4,2
1064,4,2
1065,4,2
1066,4,2
1067,4,2
1068,4,2
1069,4,2
1070,4,2
1071,4,2
1072,4,2
1073,4,2
1074,4,2
1075,4,2
1076,4,2
1077,4,2
1078,4,2
1079,4,2
1080,4,2
1081,4,2
1082,4,2
1083,4,2
1084,4,2
1085,4,2
1086,4,2
1087,4,2
1088,4,2
1089,4,2
1090,4,2
1091,4,2
1092,4,2
1093,4,2
1094,4,2
1095,4,2
1096,4,2
1097,4,2
1098,4,2
1099,4,2
1100,4,2
1101,4,2
1102,4,2
1103,4,2
1104,4,2
1105,4,2
1106,4,2
1107,4,2
1108,4,2
1109,4,2
1110,4,2
1111,4,2
1112,4,2
1113,4,2
1114,4,2
1115,4,2
1116,4,2
1117,4,2
1118,4,2
1119,4,2
1120,4,2
1121,4,2
1122,4,2
1123,4,2
1124,4,2
1125,4,2
1126,4,2
1127,4,2
1128,4,2
1129,4,2
1130,4,2
1131,4,2
1132,4,2
1133,4,2
1134,4,2
1135,4,2
1136,4,2
1137,4,2
1138,4,2
1139,4,2
1140,4,2
1141,4,2
1142,4,2
1143,4,2
1144,4,2
1145,4,2
1146,4,2
1147,4,2
1148,4,2
1149,4,2
1150,4,2
1151,4,2
1152,4,2
1153,4,2
1154,4,2
1155,4,2
1156,4,2
1157,4,2
1158,4,2
1159,4,2
1160,4,2
1161,4,2
1162,4,2
1163,4,2
1164,4,2
1165,4,2
1166,4,2
1167,4,2
1168,4,2
1169,4,2
1170,4,2
1171,4,2
1172,4,2
1173,4,2
1174,4,2
1175,4,2
1176,4,2
1177,4,2
1178,4,2
1179,4,2
1180,4,2
1181,4,2
1182,4,2
1183,4,2
1184,4,2
1185,4,2
1186,4,2
1187,4,2
1188,4,2
1189,4,2
1190,4,2
1191,4,2
1192,4,2
1193,4,2
1194,4,2
1195,4,2
1196,4,2
1197,4,2
1198,4,2
1199,4,2
1200,4,2
1201,4,2
1202,4,2
1203,4,2
1204,4,2
1205,4,2
1206,4,2
1207,4,2
1208,4,2
1209,4,2
1210,4,2
1211,4,2
1212,4,2
1213,4,2
1214,4,2
1215,4,2
1216,4,2
1217,4,2
1218,4,2
1219,4,2
1220,4,2
1221,4,2
1222,4,2
1223,4,2
1224,4,2
1225,4,2
1226,4,2
1227,4,2
1228,4,2
1229,4,2
1230,4,2
1231,4,2
1232,4,2
1233,4,2
1234,4,2
1235,4,2
1236,4,2
1237,4,2
1238,4,2
1239,4,2
1240,4,2
1241,4,2
1242,4,2
1243,4,2
1244,4,2
1245,4,2
1246,4,2
1247,4,2
1248,4,2
1249,4,2
1250,4,2
1251,4,2
1252,4,2
1253,4,2
1254,4,2
1255,4,2
1256,4,2
1257,4,2
1258,4,2
1259,4,2
1260,4,2
1261,4,2
1262,4,2
1263,4,2
1264,4,2
1265,4,2
1266,4,2
1267,4,2
1268,4,2
1269,4,2
1270,4,2
1271,4,2
1272,4,2
1273,4,2
1274,4,2
1275,4,2
1276,4,2
1277,4,2
1278,4,2
1279,4,2
1280,4,2
1281,4,2
1282,4,2
1283,4,2
1284,4,2
1285,4,2
1286,4,2
1287,4,2
1288,4,2
1289,4,2
1290,4,2
1291,4,2
1292,4,2
1293,4,2
1294,4,2
1295,4,2
1296,4,2
1297,4,2
1298,4,2
1299,4,2
1300,4,2
1301,4,2
1302,4,2
1303,4,2
1304,4,2
1305,4,2
1306,4,2
1307,4,2
1308,4,2
1309,4,2
1310,4,2
1311,4,2
1312,4,2
1313,4,2
1314,4,2
1315,4,2
1316,4,2
1317,4,2
1318,4,2
1319,4,2
1320,4,2
1321,4,2
1322,4,2
1323,4,2
1324,4,2
1325,4,2
1326,4,2
1327,4,2
1328,4,2
1329,4,2
1330,4,2
1331,4,2
1332,4,2
1333,4,2
1334,4,2
1335,4,2
1336,4,2
1337,4,2
1338,4,2
1339,4,2
1340,4,2
1341,4,2
1342,4,2
1343,4,2
1344,4,2
1345,4,2
1346,4,2
1347,4,2
1348,4,2
1349,4,2
1350,4,2
1351,4,2
1352,4,2
1353,4,2
1354,4,2
1355,4,2
1356,4,2
1357,4,2
1358,4,2
1359,4,2
1360,4,2
1361,4,2
1362,4,2
1363,4,2
1364,4,2
1365,4,2
1366,4,2
1367,4,2
1368,4,2
1369,4,2
1370,4,2
1371,4,2
1372,4,2
1373,4,2
1374,4,2
1375,4,2
1376,4,2
1377,4,2
1378,4,2
1379,4,2
1380,4,2
1381,4,2
1382,4,2
1383,4,2
1384,4,2
1385,4,2
1386,4,2
1387,4,2
1388,4,2
1389,4,2
1390,4,2
1391,4,2
1392,4,2
1393,4,2
1394,4,2
1395,4,2
1396,4,2
1397,4,2
1398,4,2
1399,4,2
1400,4,2
1401,4,2
1402,4,2
1403,4,2
1404,4,2
1405,4,2
1406,4,2
1407,4,2
1408,4,2
1409,4,2
1410,4,2
1411,4,2
1412,4,2
1413,4,2
1414,4,2
1415,4,2
1416,4,2
1417,4,2
1418,4,2
1419,4,2
1420,4,2
1421,4,2
1422,4,2
1423,4,2
1424,4,2
1425,4,2
1426,4,2
1427,4,2
1428,4,2
1429,4,2
1430,4,2
1431,4,2
1432,4,2
1433,4,2
1434,4,2
1435,4,2
1436,4,2
1437,4,2
1438,4,2
1439,4,2
1440,4,2
1441,4,2
1442,4,2
1443,4,2
1444,4,2
1445,4,2
1446,4,2
1447,4,2
1448,4,2
1449,4,2
1450,4,2
1451,4,2
1452,4,2
1453,4,2
1454,4,2
1455,4,2
1456,4,2
1457,4,2
1458,4,2
1459,4,2
1460,4,2
1461,4,2
1462,4,2
1463,4,2
1464,4,2
1465,4,2
1466,4,2
1467,4,2
1468,4,2
1469,4,2
1470,4,2
1471,4,2
1472,4,2
1473,4,2
1474,4,2
1475,4,2
1476,4,2
1477,4,2
1478,4,2
1479,4,2
1480,4,2
1481,4,2
1482,4,2
1483,4,2
1484,4,2
1485,4,2
1486,4,2
1487,4,2
1488,4,2
1489,4,2
1490,4,2
1491,4,2
1492,4,2
1493,4,2
1494,4,2
1495,4,2
1496,4,2
1497,4,2
1498,4,2
1499,4,2
1500,4,2
1501,4,2
1502,4,2
1503,4,2
1504,4,2
1505,4,2
1506,4,2
1507,4,2
1508,4,2
1509,4,2
1510,4,2
1511,4,2
1512,4,2
1513,4,2
1514,4,2
1515,4,2
1516,4,2
1517,4,2
1518,4,2
1519,4,2
1520,4,2
1521,4,2
1522,4,2
1523,4,2
1524,4,2
1525,4,2
1526,4,2
1527,4,2
1528,4,2
1529,4,2
1530,4,2
1531,4,2
1532,4,2
1533,4,2
1534,4,2
1535,4,2
1536,4,2
1537,4,2
1538,4,2
1539,4,2
1540,4,2
1541,4,2
1542,4,2
1543,4,2
1544,4,2
1545,4,2
1546,4,2
1547,4,2
1548,4,2
1549,4,2
1550,4,2
1551,4,2
1552,4,2
1553,4,2
1554,4,2
1555,4,2
1556,4,2
1557,4,2
1558,4,2
1559,4,2
1560,4,2
1561,4,2
1562,4,2
1563,4,2
1564,4,2
1565,4,2
1566,4,2
1567,4,2
1568,4,2
1569,4,2
1570,4,2
1571,4,2
1572,4,2
1573,4,2
1574,4,2
1575,4,2
1576,4,2
1577,4,2
1578,4,2
1579,4,2
1580,4,2
1581,4,2
1582,4,2
1583,4,2
1584,4,2
1585,4,2
1586,4,2
1587,4,2
1588,4,2
1589,4,2
1590,4,2
1591,4,2
1592,4,2
1593,4,2
1594,4,2
1595,4,2
1596,4,2
1597,4,2
1598,4,2
1599,4,2
1600,4,2
1601,4,2
1602,4,2
1603,4,2
1604,4,2
1605,4,2
1606,4,2
1607,4,2
1608,4,2
1609,4,2
1610,4,2
1611,4,2
1612,4,2
1613,4,2
1614,4,2
1615,4,2
1616,4,2
1617,4,2
1618,4,2
1619,4,2
1620,4,2
1621,4,2
1622,4,2
1623,4,2
1624,4,2
1625,4,2
1626,4,2
1627,4,2
1628,4,2
1629,4,2
1630,4,2
1631,4,2
1632,4,2
1633,4,2
1634,4,2
1635,4,2
1636,4,2
1637,4,2
1638,4,2
1639,4,2
1640,4,2
1641,4,2
1642,4,2
1643,4,2
1644,4,2
1645,4,2
1646,4,2
1647,4,2
1648,4,2
1649,4,2
1650,4,2
1651,4,2
1652,4,2
1653,4,2
1654,4,2
1655,4,2
1656,4,2
1657,4,2
1658,4,2
1659,4,2
1660,4,2
1661,4,2
1662,4,2
1663,4,2
1664,4,2
1665,4,2
1666,4,2
1667,4,2
1668,4,2
1669,4,2
1670,4,2
1671,4,2
1672,4,2
1673,4,2
1674,4,2
1675,4,2
1676,4,2
1677,4,2
1678,4,2
1679,4,2
1680,4,2
1681,4,2
1682,4,2
1683,4,2
1684,4,2
1685,4,2
1686,4,2
1687,4,2
1688,4,2
1689,4,2
1690,4,2
1691,4,2
1692,4,2
1693,4,2
1694,4,2
1695,4,2
1696,4,2
1697,4,2
1698,4,3
1699,4,3
1700,4,3
1701,4,3
1702,4,3
1703,4,3
1704,4,3
1705,4,3
1706,4,3
1707,4,3
1708,4,3
1709,4,3
1710,4,3
1711,4,3
1712,4,3
1713,4,3
1714,4,3
1715,4,3
1716,4,3
1717,4,3
1718,4,3
1719,4,3
1720,4,3
1721,4,3
1722,4,3
1723,4,3
1724,4,3
1725,4,3
1726,4,3
1727,4,3
1728,4,3
1729,4,3
1730,4,3
1731,4,3
1732,4,3
1733,4,3
1734,4,3
1735,4,3
1736,4,3
1737,4,3
1738,4,3
1739,4,3
1740,4,3
1741,4,3
1742,4,3
1743,4,3
1744,4,3
1745,4,3
1746,4,3
1747,4,3
1748,4,3
1749,4,3
1750,4,3
1751,4,3
1752,4,3
1753,4,3
1754,4,3
1755,4,3
1756,4,3
1757,4,3
1758,4,3
1759,4,3
1760,4,3
1761,4,3
1762,4,3
1763,4,3
1764,4,3
1765,4,3
1766,4,3
1767,4,3
1768,4,3
1769,4,3
1770,4,3
1771,4,3
1772,4,3
1773,4,3
1774,4,3
1775,4,3
1776,4,3
1777,4,3
1778,4,3
1779,4,3
1780,4,3
1781,4,3
1782,4,3
1783,4,3
1784,4,3
1785,4,3
1786,4,3
1787,4,3
1788,4,3
1789,4,3
1790,4,3
1791,4,3
1792,4,3
1793,4,3
1794,4,3
1795,4,3
1796,4,3
1797,4,3
1798,4,3
1799,4,3
1800,4,3
1801,4,3
1802,4,3
1803,4,3
1804,4,3
1805,4,3
1806,4,3
1807,4,3
1808,4,3
1809,4,3
1810,4,3
1811,4,3
1812,4,3
1813,4,3
1814,4,3
1815,4,3
1816,4,3
1817,4,3
1818,4,3
1819,4,3
1820,4,3
1821,4,3
1822,4,3
1823,4,3
1824,4,3
1825,4,3
1826,4,3
1827,4,3
1828,4,3
1829,4,3
1830,4,3
1831,4,3
1832,4,3
1833,4,3
1834,4,3
1835,4,3
1836,4,3
1837,4,3
1838,4,3
1839,4,3
1840,4,3
1841,4,3
1842,4,3
1843,4,3
1844,4,3
1845,4,3
1846,4,3
1847,4,3
1848,4,3
1849,4,3
1850,4,3
1851,4,3
1852,4,3
1853,4,3
1854,4,3
1855,4,3
1856,4,3
1857,4,3
1858,4,3
1859,4,3
1860,4,3
1861,4,3
1862,4,3
1863,4,3
1864,4,3
1865,4,3
1866,4,3
1867,4,3
1868,4,3
1869,4,3
1870,4,3
1871,4,3
1872,4,3
1873,4,3
1874,4,3
1875,4,3
1876,4,3
1877,4,3
1878,4,3
1879,4,3
1880,4,3
1881,4,3
1882,4,3
1883,4,3
1884,4,3
1885,4,3
1886,4,3
1887,4,3
1888,4,3
1889,4,3
1890,4,3
1891,4,3
1892,4,3
1893,4,3
1894,4,3
1895,4,3
1896,4,3
1897,4,3
1898,4,3
1899,4,3
1900,4,3
1901,4,3
1902,4,3
1903,4,3
1904,4,3
1905,4,3
1906,4,3
1907,4,3
1908,4,3
1909,4,3
1910,4,3
1911,4,3
1912,4,3
1913,4,3
1914,4,3
1915,4,3
1916,4,3
1917,4,3
1918,4,3
1919,4,3
1920,4,3
1921,4,3
1922,4,3
1923,4,3
1924,4,3
1925,4,3
1926,4,3
1927,4,3
1928,4,3
1929,4,3
1930,4,3
1931,4,3
1932,4,3
1933,4,3
1934,4,3
1935,4,3
1936,4,3
1937,4,3
1938,4,3
1939,4,3
1940,4,3
1941,4,3
1942,4,3
1943,4,3
1944,4,3
1945,4,3
1946,4,3
1947,4,3
1948,4,3
1949,4,3
1950,4,3
1951,4,3
1952,4,3
1953,4,3
1954,4,3
1955,4,3
1956,4,3
1957,4,3
1958,4,3
1959,4,3
1960,4,3
1961,4,3
1962,4,3
1963,4,3
1964,4,3
1965,4,3
1966,4,3
1967,4,3
1968,4,3
1969,4,3
1970,4,3
1971,4,3
1972,4,3
1973,4,3
1974,4,3
1975,4,3
1976,4,3
1977,4,3
1978,4,3
1979,4,3
1980,4,3
1981,4,3
1982,4,3
1983,4,3
1984,4,3
1985,4,3
1986,4,3
1987,4,3
1988,4,3
1989,4,3
1990,4,3
1991,4,3
1992,4,3
1993,4,3
1994,4,3
1995,4,3
1996,4,3
1997,4,3
1998,4,3
1999,4,3
2000,4,3
2001,4,3
2002,4,3
2003,4,3
2004,4,3
2005,4,3
2006,4,3
2007,4,3
2008,4,3
2009,4,3
2010,4,3
2011,4,3
2012,4,3
2013,4,3
2014,4,3
2015,4,3
2016,4,3
2017,4,3
2018,4,3
2019,4,3
2020,4,3
2021,4,3
2022,4,3
2023,4,3
2024,4,3
2025,4,3
2026,4,3
2027,4,3
2028,4,3
2029,4,3
2030,4,3
2031,4,3
2032,4,3
2033,4,3
2034,4,3
2035,4,3
2036,4,3
2037,4,3
2038,4,3
2039,4,3
2040,4,3
2041,4,3
2042,4,3
2043,4,3
2044,4,3
2045,4,3
2046,4,3
2047,4,3
2048,4,3
2049,4,3
2050,4,3
2051,4,3
2052,4,3
2053,4,3
2054,4,3
2055,4,3
2056,4,3
2057,4,3
2058,4,3
2059,4,3
2060,4,3
2061,4,3
2062,4,3
2063,4,3
2064,4,3
2065,4,3
2066,4,3
2067,4,3
2068,4,3
2069,4,3
2070,4,3
2071,4,3
2072,4,3
2073,4,3
2074,4,3
2075,4,3
2076,4,3
2077,4,3
2078,4,3
2079,4,3
2080,4,4
2081,4,4
2082,4,4
2083,4,4
2084,4,4
2085,4,4
2086,4,4
2087,4,4
2088,4,4
2089,4,4
2090,4,4
2091,4,4
2092,4,4
2093,4,4
2094,4,4
2095,4,4
2096,4,4
2097,4,4
2098,4,4
2099,4,4
2100,4,4
2101,4,4
2102,4,4
2103,4,4
2104,4,4
2105,4,4
2106,4,4
2107,4,4
2108,4,4
2109,4,4
2110,4,4
2111,4,4
2112,4,4
2113,4,4
2114,4,4
2115,4,4
2116,4,4
2117,4,4
2118,4,4
2119,4,4
2120,4,4
2121,4,4
2122,4,4
2123,4,4
2124,4,4
2125,4,4
2126,4,4
2127,4,4
2128,4,4
2129,4,4
2130,4,4
2131,4,4
2132,4,4
2133,4,4
2134,4,4
2135,4,4
2136,4,4
2137,4,4
2138,4,4
2139,4,4
2140,4,4
2141,4,4
2142,4,4
2143,4,4
2144,4,4
2145,4,4
2146,4,4
2147,4,4
2148,4,4
2149,4,4
2150,4,4
2151,4,4
2152,4,4
2153,4,4
2154,4,4
2155,4,4
2156,4,4
2157,4,4
2158,4,4
2159,4,4
2160,4,4
2161,4,4
2162,4,4
2163,4,4
2164,4,4
2165,4,4
2166,4,4
2167,4,4
2168,4,4
2169,4,4
2170,4,4
2171,4,4
2172,4,4
2173,4,4
2174,4,4
2175,4,4
2176,4,4
2177,4,4
2178,4,4
2179,4,4
2180,4,4
2181,4,4
2182,4,4
2183,4,4
2184,4,4
2185,4,4
2186,4,4
2187,4,4
2188,4,4
2189,4,4
2190,4,4
2191,4,4
2192,4,4
2193,4,4
2194,4,4
2195,4,4
2196,4,4
2197,4,5
2198,4,5
2199,4,5
2200,4,5
2201,4,5
2202,4,5
2203,4,5
2204,4,5
2205,4,5
2206,4,5
2207,4,5
2208,4,5
2209,4,5
2210,4,5
2211,4,5
2212,4,5
2213,4,5
2214,4,5
2215,4,5
2216,4,5
2217,4,5
2218,4,5
2219,4,5
2220,4,5
2221,4,5
2222,4,5
2223,4,5
2224,4,5
2225,4,5
2226,4,5
2227,4,5
2228,4,5
2229,4,5
2230,4,5
2231,4,5
2232,4,5
2233,4,5
2234,4,5
2235,4,5
2236,4,5
2237,4,5
2238,4,5
2239,4,5
2240,4,5
2241,4,5
2242,4,5
2243,4,5
2244,4,5
2245,4,5
2246,4,5
2247,4,5
2248,4,5
2249,4,5
2250,4,5
2251,4,5
2252,4,5
2253,4,5
2254,4,5
2255,4,5
2256,4,5
2257,4,5
2258,4,5
2259,4,5
2260,4,5
2261,4,5
2262,4,5
2263,4,5
2264,4,5
2265,4,5
2266,4,5
2267,4,5
2268,4,5
2269,4,5
2270,4,5
2271,4,5
2272,4,5
2273,4,5
2274,4,5
2275,4,5
2276,4,5
2277,4,5
2278,4,5
2279,4,5
2280,4,5
2281,4,5
2282,4,5
2283,4,5
2284,4,5
2285,4,5
2286,4,5
2287,4,5
2288,4,5
2289,4,5
2290,4,5
2291,4,5
2292,4,5
2293,4,5
2294,4,5
2295,4,5
2296,4,5
2297,4,5
2298,4,5
2299,4,5
2300,4,5
2301,4,5
2302,4,5
2303,4,5
2304,4,5
2305,4,5
2306,4,5
2307,4,5
2308,4,5
2309,4,5
2310,4,5
2311,4,5
2312,4,5
2313,4,5
2314,4,5
2315,4,5
2316,4,5
2317,4,5
2318,4,5
2319,4,5
2320,4,5
2321,4,5
2322,4,5
2323,4,5
2324,4,5
2325,4,5
2326,4,5
2327,4,5
2328,4,5
2329,4,5
2330,4,5
2331,4,5
2332,4,5
2333,4,5
2334,4,5
2335,4,5
2336,4,5
2337,4,5
2338,4,5
2339,4,5
2340,4,5
2341,4,5
2342,4,5
2343,4,5
2344,4,5
2345,4,5
2346,4,5
2347,4,5
2348,4,5
2349,4,5
2350,4,5
2351,4,5
2352,4,5
2353,4,5
2354,4,5
2355,4,5
2356,4,5
2357,4,5
2358,4,5
2359,4,5
2360,4,5
2361,4,5
2362,4,5
2363,4,5
2364,4,5
2365,4,5
2366,4,5
2367,4,5
2368,4,5
2369,4,5
2370,4,5
2371,4,5
2372,4,5
2373,4,5
2374,4,5
2375,4,5
2376,4,5
2377,4,5
2378,4,5
2379,4,5
2380,4,5
2381,4,5
2382,4,5
2383,4,5
2384,4,5
2385,4,5
2386,4,5
2387,4,5
2388,4,5
2389,4,5
2390,4,5
2391,4,5
2392,4,5
2393,4,5
2394,4,5
2395,4,5
2396,4,5
2397,4,5
2398,4,5
2399,4,5
2400,4,5
2401,4,5
2402,4,5
2403,4,5
2404,4,5
2405,4,5
2406,4,5
2407,4,5
2408,4,5
2409,4,5
2410,4,5
2411,4,5
2412,4,5
2413,4,5
2414,4,5
2415,4,5
2416,4,5
2417,4,5
2418,4,5
2419,4,5
2420,4,6
2421,4,6
2422,4,6
2423,4,6
2424,4,6
2425,4,6
2426,4,6
2427,4,6
2428,4,6
2429,4,6
2430,4,6
2431,4,6
2432,4,6
2433,4,6
2434,4,6
2435,4,6
2436,4,6
2437,4,6
2438,4,6
2439,4,6
2440,4,6
2441,4,6
2442,4,6
2443,4,6
2444,4,6
2445,4,6
2446,4,6
2447,4,6
2448,4,6
2449,4,6
2450,4,6
2451,4,6
2452,4,6
2453,4,6
2454,4,6
2455,4,6
2456,4,6
2457,4,6
2458,4,6
2459,4,6
2460,4,6
2461,4,6
2462,4,6
2463,4,6
2464,4,6
2465,4,6
2466,4,6
2467,4,6
2468,4,6
2469,4,6
2470,4,6
2471,4,6
2472,4,6
2473,4,6
2474,4,6
2475,4,6
2476,4,6
2477,4,6
2478,4,6
2479,4,6
2480,4,6
2481,4,6
2482,4,6
2483,4,6
2484,4,6
2485,4,6
2486,4,6
2487,4,6
2488,4,6
2489,4,6
2490,4,6
2491,4,6
2492,4,6
2493,4,6
2494,4,6
2495,4,6
2496,4,6
2497,4,6
2498,4,6
2499,4,6
2500,4,6
2501,4,6
2502,4,6
2503,4,6
2504,4,6
2505,4,6
2506,4,6
2507,4,6
2508,4,6
2509,4,6
2510,4,6
2511,4,6
2512,4,6
2513,4,6
2514,4,6
2515,4,6
2516,4,6
2517,4,6
2518,4,6
2519,4,6
2520,4,6
2521,4,6
2522,4,6
2523,4,6
2524,4,6
2525,4,6
2526,4,6
2527,4,6
2528,4,6
2529,4,6
2530,4,6
2531,4,6
2532,4,6
2533,4,6
2534,4,6
2535,4,6
2536,4,6
2537,4,6
2538,4,6
2539,4,6
2540,4,6
2541,4,6
2542,4,6
2543,4,6
2544,4,6
2545,4,6
2546,4,6
2547,4,6
2548,4,6
2549,4,6
2550,4,6
2551,4,6
2552,4,6
2553,4,6
2554,4,6
2555,4,6
2556,4,6
2557,4,6
2558,4,6
2559,4,6
2560,4,6
2561,4,6
2562,4,6
2563,4,6
2564,4,6
2565,4,6
2566,4,6
2567,4,6
2568,4,6
2569,4,6
2570,4,6
2571,4,6
2572,4,6
2573,4,6
2574,4,6
2575,4,6
2576,4,6
2577,4,6
2578,4,6
2579,4,6
2580,4,6
2581,4,6
2582,4,6
2583,4,6
2584,4,6
2585,4,6
2586,4,6
2587,4,6
2588,4,6
2589,4,6
2590,4,6
2591,4,6
2592,4,6
2593,4,6
2594,4,6
2595,4,6
2596,4,6
2597,4,6
2598,4,6
2599,4,6
2600,4,6
2601,4,6
2602,4,6
2603,4,6
2604,4,6
2605,4,6
2606,4,6
2607,4,6
2608,4,6
2609,4,6
2610,4,6
2611,4,6
2612,4,6
2613,4,6
2614,4,6
2615,4,6
2616,4,6
2617,4,6
2618,4,6
2619,4,6
2620,4,6
2621,4,6
2622,4,6
2623,4,6
2624,4,6
2625,4,6
2626,4,6
2627,4,6
2628,4,6
2629,4,6
2630,4,6
2631,4,6
2632,4,6
2633,4,6
2634,4,6
2635,4,6
2636,4,6
2637,4,6
2638,4,6
2639,4,6
2640,4,6
2641,4,6
2642,4,6
2643,4,6
2644,4,6
2645,4,6
2646,4,6
2647,4,6
2648,4,6
2649,4,6
2650,4,6
2651,4,6
2652,4,6
2653,4,6
2654,4,6
2655,4,6
2656,4,6
2657,4,6
2658,4,6
2659,4,6
2660,4,6
2661,4,6
2662,4,6
2663,4,6
2664,4,6
2665,4,6
2666,4,6
2667,4,6
2668,4,6
2669,4,6
2670,4,6
2671,4,6
2672,4,6
2673,4,6
2674,4,6
2675,4,6
2676,4,6
2677,4,6
2678,4,6
2679,4,6
2680,4,6
2681,4,6
2682,4,6
2683,4,6
2684,4,6
2685,4,6
2686,4,6
2687,4,6
2688,4,6
2689,4,6
2690,4,6
2691,4,6
2692,4,6
2693,4,6
2694,4,6
2695,4,6
2696,4,6
2697,4,6
2698,4,6
2699,4,6
2700,4,6
2701,4,6
2702,4,6
2703,4,6
2704,4,6
2705,4,6
2706,4,6
2707,4,6
2708,4,6
2709,4,6
2710,4,6
2711,4,6
2712,4,6
2713,4,6
2714,4,6
2715,4,6
2716,4,6
2717,4,6
2718,4,6
2719,4,6
2720,4,6
2721,4,6
2722,4,6
2723,4,6
2724,4,6
2725,4,6
2726,4,6
2727,4,6
2728,4,6
2729,4,6
2730,4,6
2731,4,6
2732,4,6
2733,4,6
2734,4,6
2735,4,6
2736,4,6
2737,4,6
2738,4,6
2739,4,6
2740,4,6
2741,4,6
2742,4,6
2743,4,6
2744,4,6
2745,4,6
2746,4,6
2747,4,6
2748,4,6
2749,4,6
2750,4,6
2751,4,6
2752,4,6
2753,4,6
2754,4,6
2755,4,6
2756,4,6
2757,4,6
2758,4,6
2759,4,6
2760,4,6
2761,4,6
2762,4,6
2763,4,6
2764,4,6
2765,4,6
2766,4,6
2767,4,6
2768,4,6
2769,4,6
2770,4,6
2771,4,6
2772,4,6
2773,4,6
2774,4,6
2775,4,6
2776,4,6
2777,4,6
2778,4,6
2779,4,6
2780,4,6
2781,4,6
2782,4,6
2783,4,6
2784,4,6
2785,4,6
2786,4,6
2787,4,6
2788,4,6
2789,4,6
2790,4,6
2791,4,6
2792,4,6
2793,4,6
2794,4,6
2795,4,6
2796,4,6
2797,4,6
2798,4,6
2799,4,6
2800,4,6
2801,4,6
2802,4,6
2803,4,6
2804,4,6
2805,4,6
2806,4,6
2807,4,6
2808,4,6
2809,4,6
2810,4,6
2811,4,6
2812,4,6
2813,4,6
2814,4,6
2815,4,6
2816,4,6
2817,4,6
2818,4,6
2819,4,6
2820,4,6
2821,4,6
2822,4,6
2823,4,6
2824,4,6
2825,4,6
2826,4,6
2827,4,6
2828,4,6
2829,4,6
2830,4,6
2831,4,6
2832,4,6
2833,4,6
2834,4,6
2835,4,6
2836,4,6
2837,4,6
2838,4,6
2839,4,6
2840,4,6
2841,4,6
2842,4,6
2843,4,6
2844,4,6
2845,4,6
2846,4,6
2847,4,6
2848,4,6
2849,4,6
2850,4,6
2851,4,6
2852,4,6
2853,4,6
2854,4,6
2855,4,6
2856,4,6
2857,4,6
2858,4,6
2859,4,6
2860,4,6
2861,4,6
2862,4,6
2863,4,6
2864,4,6
2865,4,6
2866,4,6
2867,4,6
2868,4,6
2869,4,6
2870,4,6
2871,4,6
2872,4,6
2873,4,6
2874,4,6
2875,4,6
2876,4,6
2877,4,6
2878,4,6
2879,4,6
2880,4,6
2881,4,6
2882,4,6
2883,4,6
2884,5,6
2885,5,6
2886,5,6
2887,5,6
2888,5,6
2889,5,6
2890,5,6
2891,5,6
2892,5,6
2893,5,6
2894,5,6
2895,5,6
2896,5,6
2897,5,6
2898,5,6
2899,5,6
2900,5,6
2901,5,6
2902,5,6
2903,5,6
2904,5,6
2905,5,6
2906,5,6
2907,5,6
2908,5,6
2909,5,6
2910,5,6
2911,5,6
2912,5,6
2913,5,6
2914,5,6
2915,5,6
2916,5,6
2917,5,6
2918,5,6
2919,5,6
2920,5,6
2921,5,6
2922,5,6
2923,5,6
2924,5,6
2925,5,6
2926,5,6
2927,5,6
2928,5,6
2929,5,6
2930,5,6
2931,5,6
2932,5,6
2933,5,6
2934,5,6
2935,6,6
2936,6,6
2937,6,6
2938,6,6
2939,6,6
2940,6,6
2941,6,6
2942,6,6
2943,6,6
2944,6,6
2945,6,6
2946,6,6
2947,6,6
2948,6,6
2949,6,6
2950,6,6
2951,6,6
2952,6,6
2953,6,6
2954,6,6
2955,6,6
2956,6,6
2957,6,6
2958,6,6
2959,6,6
2960,6,6
2961,6,6
2962,6,6
2963,6,6
2964,6,6
2965,6,6
2966,6,6
2967,6,6
2968,6,6
2969,6,6
2970,6,6
2971,6,6
2972,6,6
2973,6,6
2974,6,6
2975,6,6
2976,6,6
2977,6,6
2978,6,6
2979,6,6
2980,6,6
2981,6,6
2982,6,6
2983,6,6
2984,6,6
2985,6,6
2986,6,6
2987,6,6
2988,6,6
2989,6,6
2990,6,6
2991,6,6
2992,6,6
2993,6,6
2994,6,6
2995,6,6
2996,6,6
2997,6,6
2998,6,6
2999,6,6
3000,6,6
3001,6,6
3002,6,6
3003,6,6
3004,6,6
3005,6,6
3006,6,6
3007,6,6
3008,6,6
3009,6,6
3010,6,6
3011,6,6
3012,6,6
3013,6,6
3014,6,6
3015,6,6
3016,6,6
3017,6,6
3018,6,6
3019,6,6
3020,6,6
3021,6,6
3022,6,6
3023,6,6
3024,6,6
3025,6,6
3026,6,6
3027,6,6
3028,6,6
3029,6,6
3030,6,6
3031,6,6
3032,6,6
3033,6,6
3034,6,6
3035,6,6
3036,6,6
3037,6,6
3038,6,6
3039,6,6
3040,6,6
3041,6,6
3042,6,6
3043,6,6
3044,6,6
3045,6,6
3046,6,6
3047,6,6
3048,6,6
3049,6,6
3050,6,6
3051,6,6
3052,6,6
3053,6,6
3054,6,6
3055,6,6
3056,6,6
3057,6,6
3058,6,6
3059,6,6
3060,6,6
3061,6,6
3062,6,6
3063,6,6
3064,6,6
3065,6,6
3066,6,6
3067,6,6
3068,6,6
3069,6,6
3070,6,6
3071,6,6
3072,6,6
3073,6,6
3074,6,6
3075,6,6
3076,6,6
3077,6,6
3078,6,6
3079,6,6
3080,6,6
3081,6,6
3082,6,6
3083,6,6
3084,6,6
3085,6,6
3086,6,6
3087,6,6
3088,6,6
3089,6,6
3090,6,6
3091,6,6
3092,6,6
3093,6,6
3094,6,6
3095,6,6
3096,6,6
3097,6,6
3098,6,6
3099,6,6
3100,6,6
3101,6,6
3102,6,6
3103,6,6
3104,6,6
3105,6,6
3106,6,6
3107,6,6
3108,6,6
3109,6,6
3110,6,6
3111,6,6
3112,6,6
3113,6,6
3114,6,6
3115,6,6
3116,6,6
3117,6,6
3118,6,6
3119,6,6
3120,6,6
3121,6,6
3122,6,6
3123,6,6
3124,6,6
3125,6,6
3126,6,6
3127,6,6
3128,6,6
3129,6,6
3130,6,6
3131,6,6
3132,6,6
3133,6,6
3134,6,6
3135,6,6
3136,6,6
3137,6,6
3138,6,6
3139,6,6
3140,6,6
3141,6,6
3142,6,6
3143,6,6
3144,6,6
3145,6,6
3146,6,6
3147,6,6
3148,6,6
3149,6,6
3150,6,6
3151,6,6
3152,6,6
3153,6,6
3154,6,6
3155,6,6
3156,6,6
3157,6,6
3158,6,6
3159,6,6
3160,6,6
3161,6,6
3162,6,6
3163,6,6
3164,6,6
3165,6,6
3166,6,6
3167,6,6
3168,6,6
3169,6,6
3170,6,6
3171,6,6
3172,6,6
3173,6,6
3174,6,6
3175,6,6
3176,6,6
3177,6,6
3178,6,6
3179,6,6
3180,6,6
3181,6,6
3182,6,6
3183,6,6
3184,6,6
3185,6,6
3186,6,6
3187,6,6
3188,6,6
3189,6,6
3190,6,6
3191,6,6
3192,6,6
3193,6,6
3194,6,6
3195,6,6
3196,6,6
3197,6,6
3198,6,6
3199,6,6
3200,6,6
3201,6,6
3202,6,6
3203,6,6
3204,6,6
3205,6,6
3206,6,6
3207,6,6
3208,6,6
3209,6,6
3210,6,6
3211,6,6
3212,6,6
3213,6,6
3214,6,6
3215,6,6
3216,6,6
3217,6,6
3218,6,6
3219,6,6
3220,6,6
3221,6,6
3222,6,6
3223,6,6
3224,6,6
3225,6,6
3226,6,6
3227,6,6
3228,6,6
3229,6,6
3230,6,6
3231,6,6
3232,6,6
3233,6,6
3234,6,6
3235,6,6
3236,6,6
3237,6,6
3238,6,6
3239,6,6
3240,6,6
3241,6,6
3242,6,6
3243,6,6
3244,6,6
3245,6,6
3246,6,6
3247,6,6
3248,6,6
3249,6,6
3250,6,6
3251,6,6
3252,6,6
3253,6,6
3254,6,6
3255,6,6
3256,6,6
3257,6,6
3258,6,6
3259,6,6
3260,6,6
3261,6,6
3262,6,6
3263,6,6
3264,6,6
3265,6,6
3266,6,6
3267,6,6
3268,6,6
3269,6,6
3270,6,6
3271,6,6
3272,6,6
3273,6,6
3274,6,6
3275,6,6
3276,6,6
3277,6,6
3278,6,6
3279,6,6
3280,6,6
3281,6,6
3282,6,6
3283,6,6
3284,6,6
3285,6,6
3286,6,6
3287,6,6
3288,6,6
3289,6,6
3290,6,6
3291,6,6
3292,6,6
3293,6,6
3294,6,6
3295,6,6
3296,6,6
3297,6,6
3298,6,6
3299,6,6
3300,6,6
3301,6,6
3302,6,6
3303,6,6
3304,6,6
3305,6,6
3306,6,6
3307,6,6
3308,6,6
3309,6,6
3310,6,6
3311,6,6
3312,6,6
3313,6,6
3314,6,6
3315,6,6
3316,6,6
3317,6,6
3318,6,6
3319,6,6
3320,6,6
3321,6,6
3322,6,6
3323,6,6
3324,6,6
3325,6,6
3326,6,6
3327,6,6
3328,6,6
3329,6,6
3330,6,6
3331,6,6
3332,6,6
3333,6,6
3334,6,6
3335,6,6
3336,6,6
3337,6,6
3338,6,6
3339,6,6
3340,6,6
3341,6,6
3342,6,6
3343,6,6
3344,6,6
3345,6,6
3346,6,6
3347,6,6
3348,6,6
3349,6,6
3350,6,6
3351,6,6
3352,6,6
3353,6,6
3354,6,6
3355,6,6
3356,6,6
3357,6,6
3358,6,6
3359,6,6
3360,6,6
3361,6,6
3362,6,6
3363,6,6
3364,6,6
3365,6,6
3366,6,6
3367,6,6
3368,6,6
3369,6,6
3370,6,6
3371,6,6
3372,6,6
3373,6,6
3374,6,6
3375,6,6
3376,6,6
3377,6,6
3378,6,6
3379,6,6
3380,6,6
3381,6,6
3382,6,6
3383,6,6
3384,6,6
3385,6,6
3386,6,6
3387,6,6
3388,6,6
3389,6,6
3390,6,6
3391,6,6
3392,6,6
3393,6,6
3394,6,6
3395,6,6
3396,6,7
3397,6,7
3398,6,7
3399,6,7
3400,6,7
3401,6,7
3402,6,7
3403,6,7
3404,6,7
3405,6,7
3406,6,8
3407,6,8
3408,6,8
3409,6,8
3410,6,8
3411,6,8
3412,6,8
3413,6,8
3414,6,8
3415,6,8
3416,6,8
3417,6,8
3418,6,8
3419,6,8
3420,6,8
3421,6,8
3422,6,8
3423,6,8
3424,6,8
3425,6,8
3426,6,8
3427,6,8
3428,6,8
3429,6,8
3430,6,8
3431,6,8
3432,6,8
3433,6,8
3434,6,8
3435,6,8
3436,6,8
3437,6,8
3438,6,8
3439,6,8
3440,6,8
3441,6,8
3442,6,8
3443,6,8
3444,6,8
3445,6,8
3446,6,8
3447,6,8
3448,6,8
3449,6,8
3450,6,8
3451,6,8
3452,6,8
3453,6,8
3454,6,8
3455,6,8
3456,6,8
3457,6,8
3458,6,8
3459,6,8
3460,6,8
3461,6,8
3462,6,8
3463,6,8
3464,6,8
3465,6,8
3466,6,8
3467,6,8
3468,6,8
3469,6,8
3470,6,8
3471,6,8
3472,6,8
3473,6,8
3474,6,8
3475,6,8
3476,6,8
3477,6,8
3478,6,8
3479,6,8
3480,6,8
3481,6,8
3482,6,8
3483,6,8
3484,6,8
3485,6,8
3486,6,8
3487,6,8
3488,6,8
3489,6,8
3490,6,8
3491,6,8
3492,6,8
3493,6,8
3494,6,8
3495,6,8
3496,6,8
3497,6,8
3498,6,8
3499,6,8
3500,6,8
3501,6,8
3502,6,8
3503,6,8
3504,6,8
3505,6,8
3506,6,8
3507,6,8
3508,6,8
3509,6,8
3510,6,8
3511,6,8
3512,6,8
3513,6,8
3514,6,8
3515,6,8
3516,6,8
3517,6,8
3518,6,8
3519,6,8
3520,6,8
3521,6,8
3522,6,8
3523,6,8
3524,6,8
3525,6,8
3526,6,8
3527,6,8
3528,6,8
3529,6,8
3530,6,8
3531,6,8
3532,6,8
3533,6,8
3534,6,8
3535,6,8
3536,6,8
3537,6,8
3538,6,8
3539,6,8
3540,6,8
3541,6,8
3542,6,8
3543,6,8
3544,6,8
3545,6,8
3546,6,8
3547,6,8
3548,6,8
3549,6,8
3550,6,9
3551,6,9
3552,6,9
3553,6,9
3554,6,9
3555,6,9
3556,6,9
3557,6,9
3558,6,9
3559,6,9
3560,6,9
3561,6,9
3562,6,9
3563,6,9
3564,6,9
3565,6,9
3566,6,9
3567,6,9
3568,6,9
3569,6,9
3570,6,9
3571,6,9
3572,6,9
3573,6,9
3574,6,9
3575,6,9
3576,6,9
3577,6,9
3578,6,9
3579,6,9
3580,6,9
3581,6,9
3582,6,9
3583,6,9
3584,6,9
3585,6,9
3586,6,9
3587,6,9
3588,6,9
3589,6,9
3590,6,9
3591,6,9
3592,6,9
3593,6,9
3594,6,9
3595,6,9
3596,6,9
3597,6,9
3598,6,9
3599,6,9
3600,6,9
3601,6,9
3602,6,9
3603,6,9
3604,6,9
3605,6,9
3606,6,9
3607,6,9
3608,6,9
3609,6,9
3610,6,9
3611,6,9
3612,6,9
3613,6,9
3614,6,9
3615,6,9
3616,6,9
3617,6,9
3618,6,9
3619,6,9
3620,6,9
3621,6,9
3622,6,9
3623,6,9
3624,6,9
3625,6,9
3626,6,9
3627,6,9
3628,6,9
3629,6,9
3630,6,9
3631,6,9
3632,6,9
3633,6,9
3634,6,9
3635,6,9
3636,6,9
3637,6,9
3638,6,9
3639,6,9
3640,6,9
3641,6,9
3642,6,9
3643,6,9
3644,6,9
3645,6,9
3646,6,9
3647,6,9
3648,6,9
3649,6,9
3650,6,9
3651,6,9
3652,6,9
3653,6,9
3654,6,9
3655,6,9
3656,6,9
3657,6,9
3658,6,9
3659,6,9
3660,6,9
3661,6,9
3662,6,9
3663,6,9
3664,6,9
3665,6,9
3666,6,9
3667,6,9
3668,6,9
3669,6,9
3670,6,9
3671,6,9
3672,6,9
3673,6,9
3674,6,9
3675,6,9
3676,6,9
3677,6,9
3678,6,9
3679,6,9
3680,6,9
3681,6,9
3682,6,9
3683,6,9
3684,6,9
3685,6,9
3686,6,9
3687,6,9
3688,6,9
3689,6,9
3690,6,9
3691,6,9
3692,6,9
3693,6,9
3694,6,9
3695,6,9
3696,6,9
3697,6,9
3698,6,9
3699,6,9
3700,6,9
3701,6,9
3702,6,9
3703,6,9
3704,6,9
3705,6,9
3706,6,9
3707,6,9
3708,6,9
3709,6,9
3710,6,9
3711,6,9
3712,6,9
3713,6,9
3714,6,9
3715,6,9
3716,6,9
3717,6,9
3718,6,9
3719,6,9
3720,6,9
3721,6,9
3722,6,9
3723,6,9
3724,6,9
3725,6,9
3726,6,9
3727,6,9
3728,6,9
3729,6,9
3730,6,9
3731,6,9
3732,6,9
3733,6,9
3734,6,9
3735,6,9
3736,6,9
3737,6,9
3738,6,9
3739,6,9
3740,6,9
3741,6,9
3742,6,9
3743,6,9
3744,6,9
3745,6,9
3746,6,9
3747,6,9
3748,6,9
3749,6,9
3750,6,9
3751,6,9
3752,6,9
3753,6,9
3754,6,9
3755,6,9
3756,6,9
3757,6,9
3758,6,9
3759,6,9
3760,6,9
3761,6,9
3762,6,9
3763,6,9
3764,6,9
3765,6,9
3766,6,9
3767,6,9
3768,6,9
3769,6,9
3770,6,9
3771,6,9
3772,6,9
3773,6,9
3774,6,9
3775,6,9
3776,6,9
3777,6,9
3778,6,9
3779,6,9
3780,6,9
3781,6,9
3782,6,9
3783,6,9
3784,6,9
3785,6,9
3786,6,9
3787,6,9
3788,6,9
3789,6,9
3790,6,9
3791,6,9
3792,6,9
3793,6,9
3794,6,9
3795,6,9
3796,6,9
3797,6,9
3798,6,9
3799,6,9
3800,6,9
3801,6,9
3802,6,9
3803,6,9
3804,6,9
3805,6,9
3806,6,9
3807,6,9
3808,7,9
3809,7,9
3810,7,9
3811,7,9
3812,7,9
3813,7,9
3814,7,9
3815,7,9
3816,7,9
3817,7,9
3818,7,9
3819,7,9
3820,7,9
3821,7,9
3822,7,9
3823,7,9
3824,7,9
3825,7,9
3826,7,9
3827,7,9
3828,7,9
3829,7,9
3830,7,9
3831,7,9
3832,7,9
3833,7,9
3834,7,9
3835,7,9
3836,7,9
3837,7,9
3838,7,9
3839,7,9
3840,7,9
3841,7,9
3842,7,9
3843,7,9
3844,7,9
3845,7,9
3846,7,9
3847,7,9
3848,7,9
3849,7,9
3850,7,9
3851,7,9
3852,7,10
3853,7,10
3854,7,10
3855,7,10
3856,7,10
3857,7,10
3858,7,10
3859,7,10
3860,7,10
3861,7,10
3862,7,10
3863,7,10
3864,7,10
3865,7,10
3866,7,10
3867,7,10
3868,7,10
3869,7,10
3870,7,10
3871,7,10
3872,7,10
3873,7,10
3874,7,10
3875,7,10
3876,7,10
3877,7,10
3878,7,10
3879,7,10
3880,7,10
3881,7,10
3882,7,10
3883,7,10
3884,7,10
3885,7,10
3886,7,10
3887,7,10
3888,7,10
3889,7,10
3890,7,10
3891,7,10
3892,7,10
3893,7,10
3894,7,10
3895,7,10
3896,7,10
3897,7,10
3898,7,10
3899,7,10
3900,7,10
3901,7,10
3902,7,10
3903,7,10
3904,7,10
3905,7,10
3906,7,10
3907,7,10
3908,7,10
3909,7,10
3910,7,10
3911,7,10
3912,7,10
3913,7,10
3914,7,10
3915,7,10
3916,7,10
3917,7,10
3918,7,10
3919,7,10
3920,7,10
3921,7,10
3922,7,10
3923,7,10
3924,7,10
3925,7,10
3926,7,10
3927,7,10
3928,7,10
3929,7,10
3930,7,10
3931,7,10
3932,7,10
3933,7,10
3934,7,10
3935,7,10
3936,7,10
3937,7,10
3938,7,10
3939,7,10
3940,7,10
3941,7,10
3942,7,10
3943,7,10
3944,7,10
3945,7,10
3946,7,10
3947,7,10
3948,7,10
3949,7,10
3950,7,10
3951,7,10
3952,7,10
3953,7,10
3954,7,10
3955,7,10
3956,7,10
3957,7,10
3958,7,10
3959,7,10
3960,7,10
3961,7,10
3962,7,10
3963,7,10
3964,7,10
3965,7,10
3966,7,10
3967,7,10
3968,7,10
3969,7,10
3970,7,10
3971,7,10
3972,7,10
3973,7,10
3974,7,10
3975,7,10
3976,7,10
3977,7,10
3978,7,10
3979,7,10
3980,7,10
3981,7,10
3982,7,10
3983,7,10
3984,7,10
3985,7,10
3986,7,10
3987,7,10
3988,7,10
3989,7,10
3990,7,10
3991,7,10
3992,7,10
3993,7,10
3994,7,10
3995,7,10
3996,7,10
3997,7,10
3998,7,10
3999,7,10
4000,7,10
4001,7,10
4002,7,10
4003,7,10
4004,7,10
4005,7,10
4006,7,10
4007,7,10
4008,7,10
4009,7,10
4010,7,10
4011,7,11
4012,7,11
4013,7,11
4014,7,11
4015,7,11
4016,7,11
4017,7,11
4018,7,11
4019,7,11
4020,7,11
4021,7,11
4022,7,11
4023,7,11
4024,7,11
4025,7,11
4026,7,11
4027,7,11
4028,7,11
4029,7,11
4030,7,11
4031,7,11
4032,7,11
4033,7,11
4034,7,11
4035,7,11
4036,7,11
4037,7,11
4038,7,11
4039,7,11
4040,7,11
4041,7,11
4042,7,11
4043,7,11
4044,7,11
4045,7,11
4046,7,11
4047,7,11
4048,7,11
4049,7,11
4050,7,11
4051,7,11
4052,7,11
4053,7,11
4054,7,11
4055,7,11
4056,7,11
4057,7,11
4058,7,11
4059,7,11
4060,7,11
4061,7,11
4062,7,11
4063,7,11
4064,7,11
4065,7,11
4066,7,11
4067,7,11
4068,7,11
4069,7,11
4070,7,11
4071,7,11
4072,7,11
4073,7,11
4074,7,11
4075,7,11
4076,7,11
4077,7,11
4078,7,11
4079,7,11
4080,7,11
4081,7,11
4082,7,11
4083,7,11
4084,7,11
4085,7,11
4086,7,11
4087,7,11
4088,7,11
4089,7,11
4090,7,11
4091,7,11
4092,7,11
4093,7,11
4094,7,11
4095,7,11
4096,7,11
4097,7,11
4098,7,11
4099,7,11
4100,7,11
4101,7,11
4102,7,11
4103,7,11
4104,7,11
4105,7,11
4106,7,11
4107,7,11
4108,7,11
4109,7,11
4110,7,11
4111,7,11
4112,7,11
4113,7,11
4114,7,11
4115,7,11
4116,7,11
4117,7,11
4118,7,11
4119,7,11
4120,7,11
4121,7,11
4122,7,11
4123,7,11
4124,7,11
4125,7,11
4126,7,11
4127,7,11
4128,7,11
4129,7,11
4130,7,11
4131,7,11
4132,7,11
4133,7,11
4134,7,11
4135,7,11
4136,7,11
4137,7,11
4138,7,11
4139,7,11
4140,7,11
4141,7,11
4142,7,11
4143,7,11
4144,7,11
4145,7,11
4146,7,11
4147,7,11
4148,7,11
4149,7,11
4150,7,11
4151,7,11
4152,7,11
4153,7,11
4154,7,11
4155,7,11
4156,7,11
4157,7,11
4158,7,11
4159,7,11
4160,7,11
4161,7,11
4162,7,11
4163,7,11
4164,7,11
4165,7,11
4166,7,11
4167,7,11
4168,7,11
4169,7,11
4170,7,11
4171,7,11
4172,7,11
4173,7,11
4174,7,11
4175,7,11
4176,7,11
4177,7,11
4178,7,11
4179,7,11
4180,7,11
4181,7,11
4182,7,11
4183,7,11
4184,7,11
4185,7,11
4186,7,11
4187,7,11
4188,7,11
4189,7,11
4190,7,11
4191,7,11
4192,7,11
4193,7,11
4194,7,11
4195,7,11
4196,7,11
4197,7,11
4198,7,11
4199,7,11
4200,7,11
4201,7,11
4202,7,11
4203,7,11
4204,7,11
4205,7,11
4206,7,11
4207,7,11
4208,7,11
4209,7,11
4210,7,11
4211,7,11
4212,7,11
4213,7,11
4214,7,11
4215,7,12
4216,7,12
4217,7,12
4218,7,12
4219,7,12
4220,7,12
4221,7,12
4222,7,12
4223,7,12
4224,7,12
4225,7,12
4226,7,12
4227,7,12
4228,7,12
4229,7,12
4230,7,12
4231,7,12
4232,7,12
4233,7,12
4234,7,12
4235,7,12
4236,7,12
4237,7,12
4238,7,12
4239,7,12
4240,7,12
4241,7,12
4242,7,12
4243,7,12
4244,7,12
4245,7,12
4246,7,12
4247,7,12
4248,7,12
4249,7,12
4250,7,12
4251,7,12
4252,7,12
4253,7,12
4254,7,12
4255,7,12
4256,7,12
4257,7,12
4258,7,12
4259,7,12
4260,7,12
4261,7,12
4262,7,12
4263,7,12
4264,7,12
4265,7,12
4266,7,12
4267,7,12
4268,7,12
4269,7,12
4270,7,12
4271,7,12
4272,7,12
4273,7,12
4274,7,12
4275,7,12
4276,7,12
4277,7,12
4278,7,12
4279,7,12
4280,7,12
4281,7,12
4282,7,12
4283,7,12
4284,7,12
4285,7,12
4286,7,12
4287,7,12
4288,7,12
4289,7,12
4290,7,12
4291,7,12
4292,7,12
4293,7,12
4294,7,12
4295,7,12
4296,7,12
4297,7,12
4298,7,12
4299,7,12
4300,7,12
4301,7,12
4302,7,12
4303,7,12
4304,7,12
4305,7,12
4306,7,12
4307,7,12
4308,7,12
4309,7,12
4310,7,12
4311,7,12
4312,7,12
4313,7,12
4314,7,12
4315,7,12
4316,7,12
4317,7,12
4318,7,12
4319,7,12
4320,7,12
4321,7,12
4322,7,12
4323,7,12
4324,7,12
4325,7,12
4326,7,12
4327,7,12
4328,7,12
4329,7,12
4330,7,12
4331,7,12
4332,7,12
4333,7,12
4334,7,12
4335,7,12
4336,7,12
4337,7,12
4338,7,12
4339,7,12
4340,7,12
4341,7,12
4342,7,12
4343,7,12
4344,7,12
4345,7,12
4346,7,12
4347,7,12
4348,7,12
4349,7,12
4350,7,12
4351,7,12
4352,7,12
4353,7,12
4354,7,12
4355,7,12
4356,7,12
4357,7,12
4358,7,12
4359,7,12
4360,7,12
4361,7,12
4362,7,12
4363,7,12
4364,7,13
4365,7,13
4366,7,13
4367,7,13
4368,7,13
4369,7,13
4370,7,13
4371,7,13
4372,7,13
4373,7,13
4374,7,13
4375,7,13
4376,7,13
4377,7,13
4378,7,13
4379,7,13
4380,7,13
4381,7,13
4382,7,13
4383,7,13
4384,7,13
4385,7,13
4386,7,13
4387,7,13
4388,7,13
4389,7,13
4390,7,13
4391,7,13
4392,7,13
4393,7,13
4394,7,13
4395,7,13
4396,7,13
4397,7,13
4398,7,13
4399,7,13
4400,7,13
4401,7,13
4402,7,13
4403,7,13
4404,7,13
4405,7,13
4406,7,13
4407,7,13
4408,7,13
4409,7,13
4410,7,13
4411,7,13
4412,7,13
4413,7,13
4414,7,13
4415,7,13
4416,7,13
4417,7,13
4418,7,13
4419,7,13
4420,7,13
4421,7,13
4422,7,13
4423,7,13
4424,7,13
4425,7,13
4426,7,13
4427,7,13
4428,7,13
4429,7,13
4430,7,13
4431,7,13
4432,7,13
4433,7,13
4434,7,13
4435,7,13
4436,7,13
4437,7,13
4438,7,13
4439,7,13
4440,7,13
4441,7,13
4442,7,13
4443,7,13
4444,7,13
4445,7,13
4446,7,13
4447,7,13
4448,7,13
4449,7,13
4450,7,13
4451,7,13
4452,7,13
4453,7,13
4454,7,13
4455,7,13
4456,7,13
4457,7,13
4458,7,13
4459,7,13
4460,7,13
4461,7,13
4462,7,13
4463,7,13
4464,7,13
4465,7,13
4466,7,13
4467,7,13
4468,7,13
4469,7,13
4470,7,13
4471,7,13
4472,7,13
4473,7,13
4474,7,13
4475,7,13
4476,7,13
4477,7,13
4478,7,13
4479,7,13
4480,7,13
4481,7,13
4482,7,13
4483,7,13
4484,7,13
4485,7,13
4486,7,13
4487,7,13
4488,7,13
4489,7,13
4490,7,13
4491,7,13
4492,7,13
4493,7,13
4494,7,13
4495,7,13
4496,7,13
4497,7,13
4498,7,13
4499,7,13
4500,7,13
4501,7,13
4502,7,13
4503,7,13
4504,7,13
4505,7,13
4506,7,13
4507,7,13
4508,7,13
4509,7,13
4510,7,13
4511,7,13
4512,7,13
4513,7,13
4514,7,13
4515,7,13
4516,7,13
4517,7,13
4518,7,13
4519,7,13
4520,7,13
4521,7,13
4522,7,13
4523,7,13
4524,7,14
4525,7,14
4526,7,14
4527,7,14
4528,7,14
4529,7,14
4530,7,14
4531,7,14
4532,7,14
4533,7,14
4534,7,14
4535,7,14
4536,7,14
4537,7,14
4538,7,14
4539,7,14
4540,7,14
4541,7,14
4542,7,14
4543,7,14
4544,7,14
4545,7,14
4546,7,14
4547,7,14
4548,7,14
4549,7,14
4550,7,14
4551,7,14
4552,7,14
4553,7,14
4554,7,14
4555,7,14
4556,7,14
4557,7,14
4558,7,14
4559,7,14
4560,7,14
4561,7,14
4562,7,14
4563,7,14
4564,7,14
4565,7,14
4566,7,14
4567,7,14
4568,7,14
4569,7,14
4570,7,14
4571,7,14
4572,7,14
4573,7,14
4574,7,14
4575,7,14
4576,7,14
4577,7,14
4578,7,14
4579,7,14
4580,7,14
4581,8,14
4582,8,14
4583,8,14
4584,8,14
4585,8,14
4586,8,14
4587,8,14
4588,8,14
4589,8,14
4590,8,14
4591,8,14
4592,8,14
4593,8,14
4594,8,14
4595,8,14
4596,8,14
4597,8,14
4598,8,14
4599,8,14
4600,8,14
4601,8,14
4602,8,14
4603,8,14
4604,8,14
4605,8,14
4606,8,14
4607,8,14
4608,8,14
4609,8,14
4610,8,14
4611,8,14
4612,8,14
4613,8,14
4614,8,14
4615,8,14
4616,8,14
4617,8,14
4618,8,14
4619,8,14
4620,8,14
4621,8,14
4622,8,14
4623,8,14
4624,8,14
4625,8,14
4626,8,14
4627,8,14
4628,8,14
4629,8,14
4630,8,14
4631,8,14
4632,8,14
4633,8,14
4634,8,14
4635,8,14
4636,8,14
4637,8,14
4638,8,14
4639,8,14
4640,8,14
4641,8,14
4642,8,14
4643,8,14
4644,8,14
4645,8,14
4646,8,14
4647,8,14
4648,8,14
4649,8,14
4650,8,14
4651,8,14
4652,8,14
4653,8,14
4654,8,14
4655,8,14
4656,8,14
4657,8,14
4658,8,14
4659,8,14
4660,8,14
4661,8,14
4662,8,14
4663,8,14
4664,8,14
4665,8,14
4666,8,14
4667,8,14
4668,8,14
4669,8,14
4670,8,14
4671,8,14
4672,8,14
4673,8,14
4674,8,14
4675,8,14
4676,8,14
4677,8,14
4678,8,14
4679,8,14
4680,8,14
4681,8,14
4682,8,14
4683,8,14
4684,8,14
4685,8,14
4686,8,14
4687,8,14
4688,8,14
4689,8,14
4690,8,14
4691,8,14
4692,8,14
4693,8,14
4694,8,14
4695,8,14
4696,8,14
4697,8,14
4698,8,14
4699,8,14
4700,8,14
4701,8,14
4702,8,14
4703,8,14
4704,8,14
4705,8,14
4706,8,14
4707,8,14
4708,8,14
4709,8,14
4710,8,14
4711,8,14
4712,8,14
4713,8,14
4714,8,14
4715,8,14
4716,8,14
4717,8,14
4718,8,14
4719,8,14
4720,8,14
4721,8,14
4722,8,14
4723,8,14
4724,8,14
4725,8,14
4726,8,14
4727,8,14
4728,8,14
4729,8,14
4730,8,14
4731,8,14
4732,8,14
4733,8,14
4734,8,14
4735,8,14
4736,8,14
4737,8,14
4738,8,14
4739,8,14
4740,8,14
4741,8,14
4742,8,14
4743,8,14
4744,8,14
4745,8,14
4746,8,14
4747,8,14
4748,8,14
4749,8,14
4750,8,14
4751,8,14
4752,8,14
4753,8,14
4754,9,14
4755,9,14
4756,9,14
4757,9,14
4758,9,14
4759,9,14
4760,9,14
4761,9,14
4762,9,14
4763,9,14
4764,9,14
4765,9,14
4766,9,14
4767,9,14
4768,9,14
4769,9,14
4770,9,14
4771,9,14
4772,9,14
4773,9,14
4774,9,14
4775,9,14
4776,9,14
4777,9,14
4778,9,14
4779,9,14
4780,9,14
4781,9,14
4782,9,14
4783,9,14
4784,9,14
4785,9,14
4786,9,14
4787,9,14
4788,9,14
4789,9,14
4790,9,14
4791,9,14
4792,9,14
4793,9,14
4794,9,14
4795,9,14
4796,9,14
4797,9,14
4798,9,14
4799,9,14
4800,9,14
4801,9,14
4802,9,14
4803,9,14
4804,9,14
4805,9,14
4806,9,14
4807,9,14
4808,9,14
4809,9,14
4810,9,14
4811,9,14
4812,9,14
4813,9,14
4814,9,14
4815,9,14
4816,9,14
4817,9,14
4818,9,14
4819,9,14
4820,9,14
4821,9,14
4822,9,14
4823,9,14
4824,9,14
4825,9,14
4826,9,14
4827,9,14
4828,9,14
4829,9,14
4830,9,14
4831,9,14
4832,9,14
4833,9,14
4834,9,14
4835,9,14
4836,9,14
4837,9,14
4838,9,14
4839,9,14
4840,9,14
4841,9,14
4842,9,14
4843,9,14
4844,9,14
4845,9,14
4846,9,14
4847,9,14
4848,9,14
4849,9,14
4850,9,14
4851,9,14
4852,9,14
4853,9,14
4854,9,14
4855,9,14
4856,9,14
4857,9,14
4858,9,14
4859,9,14
4860,9,14
4861,9,14
4862,9,14
4863,9,14
4864,9,14
4865,9,14
4866,9,14
4867,9,14
4868,9,14
4869,9,14
4870,9,14
4871,9,14
4872,9,14
4873,9,14
4874,9,14
4875,9,14
4876,9,14
4877,9,14
4878,9,14
4879,9,14
4880,9,14
4881,9,14
4882,9,14
4883,9,14
4884,9,14
4885,9,14
4886,9,14
4887,9,14
4888,9,14
4889,9,14
4890,9,14
4891,9,14
4892,9,14
4893,9,14
4894,9,14
4895,10,14
4896,10,14
4897,10,14
4898,10,14
4899,10,14
4900,10,14
4901,10,14
4902,10,14
4903,10,14
4904,10,14
4905,10,14
4906,10,14
4907,10,14
4908,10,14
4909,10,14
4910,10,14
4911,10,14
4912,10,14
4913,10,14
4914,10,14
4915,10,14
4916,10,14
4917,10,14
4918,10,14
4919,10,14
4920,10,14
4921,10,14
4922,10,14
4923,10,14
4924,10,14
4925,10,14
4926,10,14
4927,10,14
4928,10,14
4929,10,14
4930,10,14
4931,10,14
4932,10,14
4933,10,14
4934,10,14
4935,10,14
4936,10,14
4937,10,14
4938,10,14
4939,10,14
4940,10,14
4941,10,14
4942,10,14
4943,10,14
4944,10,14
4945,10,14
4946,10,14
4947,10,14
4948,10,14
4949,10,14
4950,10,14
4951,10,14
4952,10,14
4953,10,14
4954,10,14
4955,10,14
4956,10,14
4957,10,14
4958,10,14
4959,10,14
4960,10,14
4961,10,14
4962,10,14
4963,10,14
4964,10,14
4965,10,14
4966,10,14
4967,10,14
4968,10,14
4969,10,14
4970,10,14
4971,10,14
4972,10,14
4973,10,14
4974,10,14
4975,10,14
4976,10,14
4977,10,14
4978,10,14
4979,10,14
4980,10,14
4981,10,14
4982,10,14
4983,10,14
4984,10,14
4985,10,14
4986,10,14
4987,10,14
4988,10,14
4989,10,14
4990,10,14
4991,10,14
4992,10,14
4993,10,14
4994,10,14
4995,10,14
4996,10,14
4997,10,14
4998,10,14
4999,10,14
5000,10,14
5001,10,14
5002,10,15
5003,10,15
5004,10,15
5005,10,15
5006,10,15
5007,10,15
5008,10,15
5009,10,15
5010,10,15
5011,10,15
5012,10,15
5013,10,15
5014,10,15
5015,10,15
5016,10,15
5017,10,15
5018,10,15
5019,10,15
5020,10,15
5021,10,15
5022,10,15
5023,10,15
5024,10,15
5025,10,15
5026,10,15
5027,10,15
5028,10,15
5029,10,15
5030,10,15
5031,10,15
5032,10,15
5033,10,15
5034,10,15
5035,10,15
5036,10,15
5037,10,15
5038,10,15
5039,10,15
5040,10,15
5041,10,15
5042,10,15
5043,10,15
5044,10,15
5045,10,15
5046,10,15
5047,10,15
5048,10,15
5049,10,15
5050,10,15
5051,10,15
5052,10,15
5053,10,15
5054,10,15
5055,10,15
5056,10,15
5057,10,15
5058,10,15
5059,10,15
5060,10,15
5061,10,15
5062,10,15
5063,10,15
5064,10,15
5065,10,15
5066,10,15
5067,10,15
5068,10,15
5069,10,15
5070,10,15
5071,10,15
5072,10,15
5073,10,15
5074,10,15
5075,10,15
5076,10,15
5077,10,15
5078,10,15
5079,10,15
5080,10,15
5081,10,15
5082,10,15
5083,10,15
5084,10,15
5085,10,15
5086,10,15
5087,10,15
5088,10,15
5089,10,15
5090,10,15
5091,10,15
5092,10,15
5093,10,15
5094,10,15
5095,10,15
5096,10,15
5097,10,15
5098,10,15
5099,10,15
5100,10,15
5101,10,15
5102,10,15
5103,10,15
5104,11,15
5105,11,15
5106,11,15
5107,11,15
5108,11,15
5109,11,15
5110,11,15
5111,11,15
5112,11,15
5113,11,15
5114,11,15
5115,11,15
5116,11,15
5117,11,15
5118,11,15
5119,11,15
5120,11,15
5121,11,15
5122,11,15
5123,11,15
5124,11,15
5125,11,15
5126,11,15
5127,11,15
5128,11,15
5129,11,15
5130,11,15
5131,11,15
5132,11,15
5133,11,15
5134,11,15
5135,11,15
5136,11,15
5137,11,15
5138,11,15
5139,11,15
5140,11,15
5141,11,15
5142,11,15
5143,11,15
5144,11,15
5145,11,15
5146,11,15
5147,11,15
5148,11,15
5149,11,15
5150,11,15
5151,11,15
5152,11,15
5153,11,15
5154,11,15
5155,11,15
5156,11,15
5157,11,15
5158,11,15
5159,11,15
5160,11,15
5161,11,15
5162,11,15
5163,11,15
5164,11,15
5165,11,15
5166,11,15
5167,11,15
5168,11,15
5169,11,15
5170,11,15
5171,11,15
5172,11,15
5173,11,15
5174,11,15
5175,11,15
5176,11,15
5177,11,15
5178,11,15
5179,11,15
5180,11,15
5181,11,15
5182,11,15
5183,11,15
5184,11,15
5185,11,15
5186,11,15
5187,11,15
5188,11,15
5189,11,15
5190,11,15
5191,11,15
5192,11,15
5193,11,15
5194,11,15
5195,11,15
5196,11,15
5197,11,15
5198,11,15
5199,11,15
5200,11,15
5201,11,15
5202,11,15
5203,11,15
5204,11,15
5205,11,15
5206,11,15
5207,11,15
5208,11,15
5209,11,15
5210,11,15
5211,11,15
5212,11,15
5213,11,15
5214,11,15
5215,11,15
5216,11,15
5217,11,15
5218,11,15
5219,11,15
5220,11,15
5221,11,15
5222,11,15
5223,11,15
5224,11,15
5225,11,15
5226,11,15
5227,11,15
5228,11,15
5229,11,15
5230,11,15
5231,11,15
5232,11,15
5233,11,15
5234,11,15
5235,11,15
5236,11,15
5237,11,15
5238,11,15
5239,11,15
5240,11,15
5241,11,15
5242,11,15
5243,11,15
5244,11,15
5245,11,15
5246,11,15
5247,11,15
5248,11,15
5249,11,15
5250,11,15
5251,11,15
5252,11,15
5253,11,15
5254,11,15
5255,11,15
5256,11,15
5257,11,15
5258,11,15
5259,11,15
5260,11,15
5261,11,15
5262,11,15
5263,11,15
5264,11,15
5265,11,15
5266,11,15
5267,11,15
5268,11,15
5269,11,15
5270,11,15
5271,11,15
5272,11,15
5273,11,15
5274,11,15
5275,11,15
5276,11,15
5277,11,15
5278,11,15
5279,11,15
5280,11,15
5281,11,15
5282,11,15
5283,11,15
5284,11,15
5285,11,15
5286,11,15
5287,11,15
5288,11,15
5289,11,15
5290,11,15
5291,11,15
5292,11,15
5293,11,15
5294,11,15
5295,11,15
5296,11,15
5297,11,15
5298,11,15
5299,11,15
5300,11,15
5301,11,15
5302,11,15
5303,11,16
5304,11,16
5305,11,16
5306,11,16
5307,11,16
5308,11,16
5309,11,16
5310,11,16
5311,11,16
5312,11,16
5313,11,16
5314,11,16
5315,11,16
5316,11,16
5317,11,16
5318,11,16
5319,11,16
5320,11,16
5321,11,16
5322,11,16
5323,11,16
5324,11,16
5325,11,16
5326,11,16
5327,11,16
5328,11,16
5329,11,16
5330,11,16
5331,11,16
5332,11,16
5333,11,16
5334,11,16
5335,11,16
5336,11,16
5337,11,16
5338,11,16
5339,11,16
5340,11,16
5341,11,16
5342,11,16
5343,11,16
5344,11,16
5345,11,16
5346,11,16
5347,11,16
5348,11,16
5349,11,16
5350,11,16
5351,11,16
5352,11,16
5353,11,16
5354,11,16
5355,11,16
5356,11,16
5357,11,16
5358,11,16
5359,11,16
5360,11,16
5361,11,16
5362,11,16
5363,11,16
5364,11,16
5365,11,16
5366,11,16
5367,11,16
5368,11,16
5369,11,16
5370,11,16
5371,11,16
5372,11,16
5373,11,16
5374,11,16
5375,11,16
5376,11,16
5377,11,16
5378,11,16
5379,11,16
5380,11,16
5381,11,16
5382,11,16
5383,11,16
5384,11,16
5385,11,16
5386,11,16
5387,11,16
5388,11,16
5389,11,16
5390,11,16
5391,11,16
5392,11,16
5393,11,16
5394,11,16
5395,11,16
5396,11,16
5397,11,16
5398,11,16
5399,11,16
5400,11,16
5401,11,16
5402,11,16
5403,11,16
5404,11,16
5405,11,16
5406,11,16
5407,11,16
5408,11,16
5409,11,16
5410,11,16
5411,11,16
5412,11,16
5413,11,16
5414,11,16
5415,11,16
5416,11,16
5417,11,16
5418,11,16
5419,11,16
5420,11,16
5421,11,16
5422,11,16
5423,11,16
5424,11,16
5425,11,16
5426,11,16
5427,11,16
5428,11,16
5429,11,16
5430,11,16
5431,11,16
5432,11,16
5433,11,16
5434,11,16
5435,11,16
5436,11,16
5437,11,16
5438,11,16
5439,11,16
5440,11,16
5441,11,16
5442,11,16
5443,11,16
5444,11,16
5445,11,16
5446,11,16
5447,11,16
5448,11,16
5449,11,16
5450,11,16
5451,11,16
5452,11,16
5453,11,16
5454,11,16
5455,11,16
5456,11,16
5457,11,16
5458,11,16
5459,11,16
5460,11,16
5461,11,16
5462,11,16
5463,11,16
5464,11,16
5465,11,16
5466,11,16
5467,11,16
5468,11,16
5469,11,16
5470,11,16
5471,11,16
5472,11,16
5473,11,16
5474,11,16
5475,11,16
5476,11,16
5477,11,16
5478,11,16
5479,11,16
5480,11,16
5481,11,16
5482,11,16
5483,11,16
5484,11,16
5485,11,16
5486,11,16
5487,11,16
5488,11,16
5489,11,16
5490,11,16
5491,11,16
5492,11,16
5493,11,16
5494,11,16
5495,11,16
5496,11,16
5497,11,16
5498,11,16
5499,11,16
5500,11,16
5501,11,16
5502,11,16
5503,11,16
5504,11,16
5505,11,16
5506,11,16
5507,11,16
5508,11,16
5509,11,16
5510,11,16
5511,11,16
5512,11,16
5513,11,16
5514,11,16
5515,11,17
5516,11,17
5517,11,17
5518,11,17
5519,11,17
5520,11,17
5521,11,17
5522,11,17
5523,11,17
5524,11,17
5525,11,17
5526,11,17
5527,11,17
5528,11,17
5529,11,17
5530,11,17
5531,11,17
5532,11,17
5533,11,17
5534,11,17
5535,11,17
5536,11,17
5537,11,17
5538,11,17
5539,11,17
5540,11,17
5541,11,17
5542,11,17
5543,11,17
5544,11,17
5545,11,17
5546,11,17
5547,11,17
5548,11,17
5549,11,17
5550,11,17
5551,11,17
5552,11,17
5553,11,17
5554,11,17
5555,11,17
5556,11,17
5557,11,17
5558,11,17
5559,11,17
5560,11,17
5561,11,17
5562,11,17
5563,11,17
5564,11,17
5565,11,17
5566,11,17
5567,11,17
5568,11,17
5569,11,17
5570,11,17
5571,11,17
5572,11,17
5573,11,17
5574,11,17
5575,11,17
5576,11,17
5577,11,17
5578,11,17
5579,11,17
5580,11,17
5581,11,17
5582,11,17
5583,11,17
5584,11,17
5585,11,17
5586,11,17
5587,11,17
5588,11,17
5589,11,17
5590,11,17
5591,11,17
5592,11,17
5593,11,17
5594,11,17
5595,11,17
5596,11,17
5597,11,17
5598,11,17
5599,11,17
5600,11,17
5601,11,17
5602,11,17
5603,11,17
5604,11,17
5605,11,17
5606,11,17
5607,11,17
5608,11,17
5609,11,17
5610,11,17
5611,11,17
5612,11,17
5613,11,17
5614,11,17
5615,11,17
5616,11,17
5617,11,17
5618,11,17
5619,11,17
5620,11,17
5621,11,17
5622,11,17
5623,11,17
5624,11,17
5625,11,17
5626,11,17
5627,11,17
5628,11,17
5629,11,17
5630,11,17
5631,11,17
5632,11,17
5633,11,17
5634,11,17
5635,11,17
5636,11,17
5637,11,17
5638,11,17
5639,11,17
5640,11,17
5641,11,17
5642,11,17
5643,11,17
5644,11,17
5645,11,17
5646,11,17
5647,11,17
5648,11,17
5649,11,17
5650,11,17
5651,11,17
5652,11,17
5653,11,17
5654,11,17
5655,11,17
5656,11,17
5657,11,17
5658,11,17
5659,11,17
5660,11,17
5661,11,17
5662,11,17
5663,11,17
5664,11,17
5665,11,17
5666,11,17
5667,11,17
5668,11,17
5669,11,17
5670,11,17
5671,11,17
5672,11,17
5673,11,17
5674,11,17
5675,11,17
5676,11,17
5677,11,17
5678,11,17
5679,11,17
5680,11,17
5681,11,17
5682,11,17
5683,11,17
5684,11,17
5685,11,17
5686,11,17
5687,11,17
5688,11,17
5689,11,17
5690,11,17
5691,11,17
5692,11,17
5693,11,17
5694,11,17
5695,11,17
5696,11,17
5697,11,17
5698,11,17
5699,11,17
5700,11,17
5701,11,17
5702,11,17
5703,11,17
5704,11,17
5705,11,17
5706,11,17
5707,11,17
5708,11,17
5709,11,17
5710,11,17
5711,11,17
5712,11,17
5713,11,17
5714,11,17
5715,11,17
5716,11,17
5717,11,17
5718,11,17
5719,11,17
5720,11,17
5721,11,17
5722,11,17
5723,11,17
5724,11,17
5725,11,17
5726,11,17
5727,11,17
5728,11,17
5729,11,17
5730,11,17
5731,11,17
5732,11,17
5733,11,17
5734,11,17
5735,11,17
5736,11,17
5737,11,17
5738,11,17
5739,11,17
5740,11,17
5741,11,17
5742,11,17
5743,11,17
5744,11,17
5745,11,17
5746,11,17
5747,11,17
5748,11,17
5749,11,17
5750,11,17
5751,11,17
5752,11,17
5753,11,17
5754,11,17
5755,11,17
5756,11,17
5757,11,17
5758,11,17
5759,11,17
5760,11,17
5761,11,17
5762,11,17
5763,11,17
5764,11,17
5765,11,17
5766,11,17
5767,11,17
5768,11,17
5769,11,17
5770,11,17
5771,11,17
5772,11,17
5773,11,17
5774,11,17
5775,11,17
5776,11,17
5777,11,17
5778,11,17
5779,11,17
5780,11,17
5781,11,17
5782,11,17
5783,11,17
5784,11,17
5785,11,17
5786,11,17
5787,11,17
5788,11,17
5789,11,17
5790,11,17
5791,11,17
5792,11,17
5793,11,17
5794,11,17
5795,11,17
5796,11,17
5797,11,17
5798,11,17
5799,11,17
5800,11,17
5801,11,17
5802,11,17
5803,11,17
5804,11,17
5805,11,17
5806,11,17
5807,11,17
5808,11,17
5809,11,17
5810,11,17
5811,11,17
5812,11,17
5813,11,17
5814,11,17
5815,11,17
5816,11,17
5817,11,17
5818,11,17
5819,11,17
5820,11,17
5821,11,17
5822,11,17
5823,11,17
5824,11,17
5825,11,17
5826,11,17
5827,11,17
5828,11,17
5829,11,17
5830,11,17
5831,11,17
5832,11,17
5833,11,17
5834,11,17
5835,11,17
5836,11,17
5837,11,17
5838,11,17
5839,11,17
5840,11,17
5841,11,17
5842,11,17
5843,11,17
5844,11,17
5845,11,17
5846,11,17
5847,11,17
5848,11,17
5849,11,17
5850,11,17
5851,11,17
5852,11,17
5853,11,17
5854,11,17
5855,11,17
5856,11,17
5857,11,17
5858,11,17
5859,11,17
5860,11,17
5861,11,17
5862,11,17
5863,11,17
5864,11,17
5865,11,17
5866,11,17
5867,11,17
5868,11,17
5869,11,17
5870,11,17
5871,11,17
5872,11,17
5873,11,17
5874,11,17
5875,11,17
5876,11,17
5877,11,17
5878,11,17
5879,11,17
5880,11,17
5881,11,17
5882,11,17
5883,11,17
5884,11,17
5885,11,17
5886,11,17
5887,11,17
5888,11,17
5889,11,17
5890,11,17
5891,11,17
5892,11,17
5893,11,17
5894,11,17
5895,11,17
5896,11,17
5897,11,17
5898,11,17
5899,11,17
5900,11,17
5901,11,17
5902,11,17
5903,11,17
5904,11,17
5905,11,17
5906,11,17
5907,11,17
5908,11,17
5909,11,17
5910,11,17
5911,11,17
5912,11,17
5913,11,17
5914,11,17
5915,11,17
5916,11,17
5917,11,17
5918,11,17
5919,11,17
5920,11,17
5921,11,17
5922,11,17
5923,11,17
5924,11,17
5925,11,17
5926,11,17
5927,11,17
5928,11,17
5929,11,17
5930,11,17
5931,11,17
5932,11,17
5933,11,17
5934,11,17
5935,11,17
5936,11,17
5937,11,17
5938,11,17
5939,11,17
5940,11,17
5941,11,17
5942,11,17
5943,11,17
5944,11,17
5945,11,17
5946,11,17
5947,11,17
5948,11,17
5949,11,17
5950,11,17
5951,11,17
5952,11,17
5953,11,17
5954,11,17
5955,11,17
5956,11,17
5957,11,17
5958,11,17
5959,11,17
5960,11,17
5961,11,17
5962,11,17
5963,11,17
5964,11,17
5965,11,17
5966,11,17
5967,11,17
5968,11,17
5969,11,17
5970,11,17
5971,11,17
5972,11,17
5973,11,17
5974,11,17
5975,11,17
5976,11,17
5977,11,17
5978,11,17
5979,11,17
5980,11,17
5981,11,17
5982,11,17
5983,11,17
5984,11,17
5985,11,17
5986,11,17
5987,11,17
5988,11,17
5989,11,17
5990,11,17
5991,11,17
5992,11,17
5993,11,17
5994,11,17
5995,11,17
5996,11,17
5997,11,17
5998,11,17
5999,11,17
6000,11,17
6001,11,17
6002,11,17
6003,11,17
6004,11,17
6005,11,17
6006,11,17
6007,11,17
6008,11,17
6009,11,17
6010,11,17
6011,11,17
6012,11,17
6013,11,17
6014,11,17
6015,11,17
6016,11,17
6017,11,17
6018,11,17
6019,11,17
6020,11,17
6021,11,17
6022,11,17
6023,11,17
6024,11,17
6025,11,17
6026,11,17
6027,11,17
6028,11,17
6029,11,17
6030,11,17
6031,11,17
6032,11,17
6033,11,17
6034,11,17
6035,11,17
6036,11,17
6037,11,17
6038,11,17
6039,11,17
6040,11,17
6041,11,17
6042,11,17
6043,11,17
6044,11,17
6045,11,17
6046,11,17
6047,11,17
6048,11,17
6049,11,17
6050,11,17
6051,11,17
6052,11,17
6053,11,17
6054,11,17
6055,11,17
6056,11,18
6057,11,18
6058,11,18
6059,11,18
6060,11,18
6061,11,18
6062,11,18
6063,11,18
6064,11,18
6065,11,18
6066,11,18
6067,11,18
6068,11,18
6069,11,18
6070,11,18
6071,11,18
6072,11,18
6073,11,18
6074,11,18
6075,11,18
6076,11,18
6077,11,18
6078,11,18
6079,11,18
6080,11,18
6081,11,18
6082,11,18
6083,11,18
6084,11,18
6085,11,18
6086,11,18
6087,11,18
6088,11,18
6089,11,18
6090,11,18
6091,11,18
6092,11,18
6093,11,18
6094,11,18
6095,11,18
6096,11,18
6097,11,18
6098,11,18
6099,11,18
6100,11,18
6101,11,18
6102,11,18
6103,11,18
6104,11,18
6105,11,18
6106,11,18
6107,11,18
6108,11,18
6109,11,18
6110,11,18
6111,11,18
6112,11,18
6113,11,18
6114,11,18
6115,11,18
6116,11,18
6117,11,18
6118,11,18
6119,11,18
6120,11,18
6121,11,18
6122,11,18
6123,11,18
6124,11,18
6125,11,18
6126,11,18
6127,11,18
6128,11,18
6129,11,18
6130,11,18
6131,11,18
6132,11,18
6133,11,18
6134,11,18
6135,11,18
6136,11,18
6137,11,18
6138,11,18
6139,11,18
6140,11,18
6141,11,18
6142,11,18
6143,11,18
6144,11,18
6145,11,18
6146,11,18
6147,11,18
6148,11,18
6149,11,18
6150,11,18
6151,11,18
6152,11,18
6153,11,18
6154,11,18
6155,11,18
6156,11,18
6157,11,18
6158,11,18
6159,11,18
6160,11,18
6161,11,18
6162,11,18
6163,11,18
6164,11,18
6165,11,18
6166,11,18
6167,11,18
6168,11,18
6169,11,18
6170,11,18
6171,11,18
6172,11,18
6173,11,18
6174,11,18
6175,11,18
6176,11,18
6177,11,18
6178,11,18
6179,11,18
6180,11,18
6181,11,18
6182,11,18
6183,11,18
6184,11,18
6185,11,18
6186,11,18
6187,11,18
6188,11,18
6189,11,18
6190,11,18
6191,11,18
6192,11,18
6193,11,18
6194,11,18
6195,11,18
6196,11,18
6197,11,18
6198,11,18
6199,11,18
6200,11,18
6201,11,18
6202,11,18
6203,11,18
6204,11,18
6205,11,18
6206,11,18
6207,11,18
6208,11,18
6209,11,18
6210,11,18
6211,11,18
6212,11,18
6213,11,18
6214,11,18
6215,11,18
6216,11,18
6217,11,18
6218,11,18
6219,11,18
6220,11,18
6221,11,18
6222,11,18
6223,11,18
6224,11,18
6225,11,18
6226,11,18
6227,11,18
6228,11,18
6229,11,18
6230,11,18
6231,11,18
6232,11,18
6233,11,18
6234,11,18
6235,11,18
6236,11,18
6237,11,18
6238,11,18
6239,11,18
6240,11,18
6241,11,18
6242,11,18
6243,11,18
6244,11,18
6245,11,18
6246,11,18
6247,11,18
6248,11,18
6249,11,18
6250,11,18
6251,11,18
6252,11,18
6253,11,18
6254,11,18
6255,11,18
6256,11,18
6257,11,18
6258,11,18
6259,11,18
6260,11,18
6261,11,18
6262,11,18
6263,11,18
6264,11,18
6265,11,18
6266,11,18
6267,11,18
6268,11,18
6269,11,18
6270,11,18
6271,11,18
6272,11,18
6273,11,18
6274,11,18
6275,11,18
6276,11,18
6277,11,18
6278,11,18
6279,11,18
6280,11,18
6281,11,18
6282,11,18
6283,11,18
6284,11,18
6285,11,18
6286,11,18
6287,11,18
6288,11,18
6289,11,18
6290,11,18
6291,11,18
6292,11,18
6293,11,18
6294,11,18
6295,11,18
6296,11,18
6297,11,18
6298,11,18
6299,11,18
6300,11,18
6301,11,18
6302,11,18
6303,11,18
6304,11,18
6305,11,18
6306,11,18
6307,11,18
6308,11,18
6309,11,18
6310,11,18
6311,11,18
6312,11,18
6313,11,18
6314,11,18
6315,11,18
6316,11,18
6317,11,18
6318,11,18
6319,11,18
6320,11,18
6321,11,18
6322,11,18
6323,11,18
6324,11,18
6325,11,18
6326,11,18
6327,11,18
6328,11,18
6329,11,18
6330,11,18
6331,11,18
6332,11,18
6333,11,18
6334,11,18
6335,11,18
6336,11,18
6337,11,18
6338,11,18
6339,11,18
6340,11,18
6341,11,18
6342,11,18
6343,11,18
6344,11,18
6345,11,18
6346,11,18
6347,11,18
6348,11,18
6349,11,18
6350,11,18
6351,11,18
6352,11,18
6353,11,18
6354,11,18
6355,11,18
6356,11,18
6357,11,18
6358,11,18
6359,11,18
6360,11,18
6361,11,18
6362,11,18
6363,11,18
6364,11,18
6365,11,18
6366,11,18
6367,11,18
6368,11,18
6369,11,18
6370,11,18
6371,11,18
6372,11,18
6373,11,18
6374,11,18
6375,11,18
6376,11,18
6377,11,18
6378,11,18
6379,11,18
6380,11,18
6381,11,18
6382,11,18
6383,11,18
6384,11,18
6385,11,18
6386,11,18
6387,11,18
6388,11,18
6389,11,18
6390,11,18
6391,11,18
6392,11,18
6393,11,18
6394,11,18
6395,11,18
6396,11,18
6397,11,18
6398,11,18
6399,11,18
6400,11,18
6401,11,18
6402,11,18
6403,11,18
6404,11,18
6405,11,18
6406,11,18
6407,11,18
6408,11,18
6409,12,18
6410,12,18
6411,12,18
6412,12,18
6413,12,18
6414,12,18
6415,12,18
6416,12,18
6417,12,18
6418,12,18
6419,12,18
6420,12,18
6421,12,18
6422,12,18
6423,12,18
6424,12,18
6425,12,18
6426,12,18
6427,12,18
6428,12,18
6429,12,18
6430,12,18
6431,12,18
6432,12,18
6433,12,18
6434,12,18
6435,12,18
6436,12,18
6437,12,18
6438,12,18
6439,12,18
6440,12,18
6441,12,18
6442,12,18
6443,12,18
6444,12,18
6445,12,18
6446,12,18
6447,12,18
6448,12,18
6449,12,18
6450,12,18
6451,12,18
6452,12,18
6453,12,18
6454,12,18
6455,12,18
6456,12,18
6457,12,18
6458,12,18
6459,12,18
6460,12,18
6461,12,18
6462,12,18
6463,12,18
6464,12,18
6465,12,18
6466,12,18
6467,12,18
6468,12,18
6469,12,18
6470,12,18
6471,12,18
6472,12,18
6473,12,18
6474,12,18
6475,12,18
6476,12,18
6477,12,18
6478,12,18
6479,12,18
6480,12,18
6481,12,18
6482,12,18
6483,12,18
6484,12,18
6485,12,18
6486,12,18
6487,12,18
6488,12,18
6489,12,18
6490,12,18
6491,12,18
6492,12,18
6493,12,18
6494,12,18
6495,12,18
6496,12,18
6497,12,18
6498,12,18
6499,12,18
6500,12,18
6501,12,18
6502,12,18
6503,12,18
6504,12,18
6505,12,18
6506,12,18
6507,12,18
6508,12,18
6509,12,18
6510,12,18
6511,12,18
6512,12,18
6513,12,18
6514,12,18
6515,12,18
6516,12,18
6517,12,18
6518,12,18
6519,12,18
6520,12,18
6521,12,18
6522,12,18
6523,12,18
6524,12,18
6525,12,18
6526,12,18
6527,12,18
6528,12,18
6529,12,18
6530,12,18
6531,12,18
6532,12,18
6533,12,18
6534,12,18
6535,12,18
6536,12,18
6537,12,18
6538,12,18
6539,12,18
6540,12,18
6541,12,18
6542,12,18
6543,12,18
6544,12,18
6545,12,18
6546,12,18
6547,12,18
6548,12,18
6549,12,18
6550,12,18
6551,12,18
6552,12,18
6553,12,18
6554,12,18
6555,12,18
6556,12,18
6557,12,18
6558,12,18
6559,12,18
6560,12,18
6561,12,18
6562,12,18
6563,12,18
6564,12,18
6565,12,18
6566,12,18
6567,12,18
6568,12,18
6569,12,18
6570,12,18
6571,12,18
6572,12,18
6573,12,18
6574,12,18
6575,12,18
6576,12,18
6577,12,18
6578,12,18
6579,12,18
6580,12,18
6581,12,18
6582,12,18
6583,12,18
6584,12,18
6585,12,18
6586,12,18
6587,12,18
6588,12,18
6589,12,18
6590,12,18
6591,12,18
6592,12,18
6593,12,18
6594,12,18
6595,12,18
6596,12,18
6597,12,18
6598,12,18
6599,12,18
6600,12,18
6601,12,18
6602,12,18
6603,12,18
6604,12,18
6605,12,18
6606,12,18
6607,12,18
6608,12,18
6609,12,18
6610,12,18
6611,12,18
6612,12,18
6613,12,18
6614,12,18
6615,12,18
6616,12,18
6617,12,18
6618,12,18
6619,12,18
6620,12,18
6621,12,18
6622,12,18
6623,12,18
6624,12,18
6625,12,18
6626,12,18
6627,12,18
6628,12,18
6629,12,18
6630,12,18
6631,12,18
6632,12,18
6633,12,18
6634,12,18
6635,12,18
6636,12,18
6637,12,18
6638,12,18
6639,12,18
6640,12,18
6641,12,18
6642,12,18
6643,12,18
6644,12,18
6645,12,18
6646,12,18
6647,12,18
6648,12,18
6649,12,18
6650,12,18
6651,12,18
6652,12,18
6653,12,18
6654,12,18
6655,12,18
6656,12,18
6657,12,18
6658,12,18
6659,12,18
6660,12,18
6661,12,18
6662,12,18
6663,12,18
6664,12,18
6665,12,18
6666,12,18
6667,12,18
6668,12,18
6669,12,18
6670,12,18
6671,12,18
6672,12,18
6673,12,18
6674,12,18
6675,12,18
6676,12,18
6677,12,18
6678,12,18
6679,12,18
6680,12,18
6681,12,18
6682,12,18
6683,12,18
6684,12,18
6685,12,18
6686,12,18
6687,12,18
6688,12,18
6689,12,18
6690,12,18
6691,12,18
6692,12,18
6693,12,18
6694,12,18
6695,12,18
6696,12,18
6697,12,18
6698,12,18
6699,12,18
6700,12,18
6701,12,18
6702,12,18
6703,12,18
6704,12,18
6705,12,18
6706,12,18
6707,12,18
6708,12,18
6709,12,18
6710,12,18
6711,12,18
6712,12,18
6713,12,18
6714,12,18
6715,12,18
6716,12,18
6717,12,18
6718,12,18
6719,12,18
6720,12,18
6721,12,18
6722,12,18
6723,12,18
6724,12,18
6725,12,18
6726,12,18
6727,12,18
6728,12,18
6729,12,18
6730,12,18
6731,12,18
6732,12,18
6733,12,18
6734,12,18
6735,12,18
6736,12,18
6737,12,18
6738,12,18
6739,12,18
6740,12,18
6741,12,18
6742,12,18
6743,12,18
6744,12,18
6745,12,18
6746,12,18
6747,12,18
6748,12,18
6749,12,18
6750,12,18
6751,12,18
6752,12,18
6753,12,18
6754,12,18
6755,12,18
6756,12,18
6757,12,18
6758,12,18
6759,12,18
6760,12,18
6761,12,18
6762,12,18
6763,12,18
6764,12,18
6765,12,18
6766,12,18
6767,12,18
6768,12,18
6769,12,18
6770,12,18
6771,12,18
6772,12,18
6773,12,18
6774,12,18
6775,12,18
6776,12,18
6777,12,18
6778,12,18
6779,12,18
6780,12,18
6781,12,18
6782,12,18
6783,12,18
6784,12,18
6785,12,18
6786,12,18
6787,12,18
6788,12,18
6789,12,18
6790,12,18
6791,12,18
6792,12,18
6793,12,18
6794,12,18
6795,12,18
6796,12,18
6797,12,18
6798,12,18
6799,12,18
6800,12,18
6801,12,18
6802,12,18
6803,12,18
6804,12,18
6805,12,18
6806,12,18
6807,12,18
6808,12,18
6809,12,18
6810,12,18
6811,12,18
6812,12,18
6813,12,18
6814,12,18
6815,12,18
6816,12,18
6817,12,18
6818,12,18
6819,12,18
6820,12,18
6821,12,18
6822,12,18
6823,12,18
6824,12,18
6825,12,18
6826,12,18
6827,12,18
6828,12,18
6829,12,18
6830,12,18
6831,12,18
6832,12,18
6833,12,18
6834,12,18
6835,12,18
6836,12,18
6837,12,18
6838,12,18
6839,12,18
6840,12,18
6841,12,18
6842,12,18
6843,12,18
6844,12,18
6845,12,18
6846,12,18
6847,12,18
6848,12,18
6849,12,18
6850,12,18
6851,12,18
6852,12,18
6853,12,18
6854,12,18
6855,12,18
6856,12,18
6857,12,18
6858,12,18
6859,12,18
6860,12,18
6861,12,18
6862,12,18
6863,12,18
6864,12,18
6865,12,18
6866,12,18
6867,12,18
6868,12,18
6869,12,18
6870,12,18
6871,12,18
6872,12,18
6873,12,18
6874,12,18
6875,12,18
6876,12,18
6877,12,18
6878,12,18
6879,12,18
6880,12,18
6881,12,18
6882,12,18
6883,12,18
6884,12,18
6885,12,18
6886,12,18
6887,12,18
6888,12,18
6889,12,18
6890,12,18
6891,12,18
6892,12,18
6893,12,18
6894,12,18
6895,12,18
6896,12,18
6897,12,18
6898,12,18
6899,12,18
6900,12,18
6901,12,18
6902,12,18
6903,12,18
6904,12,18
6905,12,18
6906,12,18
6907,12,18
6908,12,18
6909,12,18
6910,12,18
6911,12,18
6912,12,18
6913,12,18
6914,12,18
6915,12,18
6916,12,18
6917,12,18
6918,12,18
6919,12,18
6920,12,18
6921,12,18
6922,12,18
6923,12,18
6924,12,18
6925,12,18
6926,12,18
6927,12,18
6928,12,18
6929,12,18
6930,12,18
6931,12,18
6932,12,18
6933,12,18
6934,12,18
6935,12,18
6936,12,18
6937,12,18
6938,12,18
6939,12,18
6940,12,18
6941,12,18
6942,12,18
6943,12,18
6944,12,18
6945,12,18
6946,12,18
6947,12,18
6948,12,18
6949,12,18
6950,12,18
6951,12,18
6952,12,18
6953,12,18
6954,12,18
6955,12,18
6956,12,18
6957,12,18
6958,12,18
6959,12,18
6960,12,18
6961,12,18
6962,12,18
6963,12,18
6964,12,18
6965,12,18
6966,12,18
6967,12,18
6968,12,18
6969,12,18
6970,12,18
6971,12,18
6972,12,18
6973,12,18
6974,12,18
6975,12,18
6976,12,18
6977,12,18
6978,12,18
6979,12,18
6980,12,18
6981,12,18
6982,12,18
6983,12,18
6984,12,18
6985,12,18
6986,12,18
6987,12,18
6988,12,18
6989,12,18
6990,12,18
6991,12,18
6992,12,18
6993,12,18
6994,12,18
6995,12,18
6996,12,18
6997,12,18
6998,12,18
6999,12,18
7000,12,18
7001,12,18
7002,12,18
7003,12,18
7004,12,18
7005,12,18
7006,12,18
7007,12,18
7008,12,18
7009,12,18
7010,12,18
7011,12,18
7012,12,18
7013,12,18
7014,12,18
7015,12,18
7016,12,18
7017,12,18
7018,12,18
7019,12,18
7020,12,18
7021,12,18
7022,12,18
7023,12,18
7024,12,18
7025,12,18
7026,12,18
7027,12,18
7028,12,18
7029,12,18
7030,12,18
7031,12,18
7032,12,18
7033,12,18
7034,12,18
7035,12,18
7036,12,18
7037,12,18
7038,12,18
7039,12,18
7040,12,18
7041,12,18
7042,12,18
7043,12,18
7044,12,18
7045,12,18
7046,12,18
7047,12,18
7048,12,18
7049,12,18
7050,12,18
7051,12,18
7052,12,18
7053,12,18
7054,12,18
7055,12,18
7056,12,18
7057,12,18
7058,12,18
7059,12,18
7060,12,18
7061,12,18
7062,12,18
7063,12,18
7064,12,18
7065,12,18
7066,12,18
7067,12,18
7068,12,18
7069,12,18
7070,12,18
7071,12,18
7072,12,18
7073,12,18
7074,12,18
7075,12,18
7076,12,18
7077,12,18
7078,12,18
7079,12,18
7080,12,18
7081,12,18
7082,12,18
7083,12,18
7084,12,18
7085,12,18
7086,12,18
7087,12,18
7088,12,18
7089,12,18
7090,12,18
7091,12,18
7092,12,18
7093,12,18
7094,12,18
7095,12,18
7096,12,18
7097,12,18
7098,12,18
7099,12,18
7100,12,18
7101,12,18
7102,12,18
7103,12,18
7104,12,18
7105,12,18
7106,12,18
7107,12,18
7108,12,18
7109,12,18
7110,12,18
7111,12,18
7112,12,18
7113,12,18
7114,12,18
7115,12,18
7116,12,18
7117,12,18
7118,12,18
7119,12,18
7120,12,18
7121,12,18
7122,12,18
7123,12,18
7124,12,18
7125,12,18
7126,12,18
7127,12,18
7128,12,18
7129,12,18
7130,12,18
7131,12,18
7132,12,18
7133,12,18
7134,12,18
7135,12,18
7136,12,18
7137,12,18
7138,12,18
7139,12,18
7140,12,18
7141,12,18
7142,12,18
7143,12,18
7144,12,18
7145,12,18
7146,12,18
7147,12,18
7148,12,18
7149,12,18
7150,12,18
7151,12,18
7152,12,18
7153,12,18
7154,12,18
7155,12,18
7156,12,18
7157,12,18
7158,12,18
7159,12,18
7160,12,18
7161,12,18
7162,12,18
7163,12,18
7164,12,18
7165,12,18
7166,12,18
7167,12,18
7168,12,18
7169,12,18
7170,12,18
7171,12,18
7172,12,18
7173,12,18
7174,12,18
7175,12,18
7176,12,18
7177,12,18
7178,12,18
7179,12,18
7180,12,18
7181,12,18
7182,12,18
7183,12,18
7184,12,18
7185,12,18
7186,12,18
7187,12,18
7188,12,18
7189,12,18
7190,12,18
7191,12,18
7192,12,18
7193,12,18
7194,12,18
7195,12,18
7196,12,18
7197,12,18
7198,12,18
7199,12,18
7200,12,18
7201,12,18
7202,12,18
7203,12,18
7204,12,18
7205,12,18
7206,12,18
7207,12,18
7208,12,18
7209,12,18
7210,12,18
7211,12,18
7212,12,18
7213,12,18
7214,12,18
7215,12,18
7216,12,18
7217,12,18
7218,12,18
7219,12,18
7220,12,18
7221,12,18
7222,12,18
7223,12,18
7224,12,18
7225,12,18
7226,12,18
7227,12,18
7228,12,18
7229,12,18
7230,12,18
7231,12,18
7232,12,18
7233,12,18
7234,12,18
7235,12,18
7236,12,18
7237,12,18
7238,12,18
7239,12,18
7240,12,18
7241,12,18
7242,12,18
7243,12,18
7244,12,18
7245,12,18
7246,12,18
7247,12,18
7248,12,18
7249,12,18
7250,12,18
7251,12,18
7252,12,18
7253,12,18
7254,12,18
7255,12,18
7256,12,18
7257,12,18
7258,12,18
7259,12,18
7260,12,18
7261,12,18
7262,12,18
7263,12,18
7264,12,18
7265,12,18
7266,12,18
7267,12,18
7268,12,18
7269,12,18
7270,12,18
7271,12,18
7272,12,18
7273,12,18
7274,12,18
7275,12,18
7276,12,18
7277,12,18
7278,12,18
7279,12,18
7280,12,18
7281,12,18
7282,12,18
7283,12,18
7284,12,18
7285,12,18
7286,12,19
7287,12,19
7288,12,19
7289,12,19
7290,12,19
7291,12,19
7292,12,19
7293,12,19
7294,12,19
7295,12,19
7296,12,19
7297,12,19
7298,12,19
7299,12,19
7300,12,19
7301,12,19
7302,12,19
7303,12,19
7304,12,19
7305,12,19
7306,12,19
7307,12,19
7308,12,19
7309,12,19
7310,12,19
7311,12,19
7312,12,19
7313,12,19
7314,12,19
7315,12,19
7316,12,19
7317,12,19
7318,12,19
7319,12,19
7320,12,19
7321,12,19
7322,12,19
7323,12,19
7324,12,19
7325,12,19
7326,12,19
7327,12,19
7328,12,19
7329,12,19
7330,12,19
7331,12,19
7332,12,19
7333,12,19
7334,12,19
7335,12,19
7336,12,19
7337,12,19
7338,12,19
7339,12,19
7340,12,19
7341,12,19
7342,12,19
7343,12,19
7344,12,19
7345,12,19
7346,12,19
7347,12,19
7348,12,19
7349,12,19
7350,12,19
7351,12,19
7352,12,19
7353,12,19
7354,12,19
7355,12,19
7356,12,19
7357,12,19
7358,12,19
7359,12,19
7360,12,19
7361,12,19
7362,12,19
7363,12,19
7364,12,19
7365,12,19
7366,12,19
7367,12,19
7368,12,19
7369,12,19
7370,12,19
7371,12,19
7372,12,19
7373,12,19
7374,12,19
7375,12,19
7376,12,19
7377,12,19
7378,12,19
7379,12,19
7380,12,19
7381,12,19
7382,12,19
7383,12,19
7384,12,19
7385,12,19
7386,12,19
7387,12,19
7388,12,19
7389,12,19
7390,12,19
7391,12,19
7392,12,19
7393,12,19
7394,12,19
7395,12,19
7396,12,19
7397,12,19
7398,12,19
7399,12,19
7400,12,19
7401,12,19
7402,12,19
7403,12,19
7404,12,19
7405,12,19
7406,12,19
7407,12,19
7408,12,19
7409,12,19
7410,12,19
7411,12,19
7412,12,19
7413,12,19
7414,12,19
7415,12,19
7416,12,19
7417,12,19
7418,12,19
7419,12,19
7420,12,19
7421,12,19
7422,12,19
7423,12,19
7424,12,19
7425,12,19
7426,12,19
7427,12,19
7428,12,19
7429,12,19
7430,12,19
7431,12,19
7432,12,19
7433,12,19
7434,12,19
7435,12,19
7436,12,19
7437,12,19
7438,12,19
7439,12,19
7440,12,19
7441,12,19
7442,12,19
7443,12,19
7444,12,19
7445,12,19
7446,12,19
7447,12,19
7448,12,19
7449,12,19
7450,12,19
7451,12,19
7452,12,19
7453,12,19
7454,12,19
7455,12,19
7456,12,19
7457,12,19
7458,12,19
7459,12,19
7460,12,19
7461,12,19
7462,12,19
7463,12,19
7464,12,19
7465,12,19
7466,12,19
7467,12,19
7468,12,19
7469,12,19
7470,12,19
7471,12,19
7472,12,19
7473,12,19
7474,12,19
7475,12,19
7476,12,19
7477,12,19
7478,12,19
7479,12,19
7480,12,19
7481,12,19
7482,12,19
7483,12,19
7484,12,19
7485,12,19
7486,12,19
7487,12,19
7488,12,19
7489,12,19
7490,12,19
7491,12,19
7492,12,19
7493,12,19
7494,12,19
7495,12,19
7496,12,19
7497,12,19
7498,12,19
7499,12,19
7500,12,19
7501,12,19
7502,12,19
7503,12,19
7504,12,19
7505,12,19
7506,12,19
7507,12,19
7508,12,19
7509,12,19
7510,12,19
7511,12,19
7512,12,19
7513,12,19
7514,12,19
7515,12,19
7516,12,19
7517,12,19
7518,12,19
7519,12,19
7520,12,19
7521,12,19
7522,12,19
7523,12,19
7524,12,19
7525,12,19
7526,12,19
7527,12,19
7528,12,19
7529,12,19
7530,12,19
7531,12,19
7532,12,19
7533,12,19
7534,12,19
7535,12,19
7536,12,19
7537,12,19
7538,12,19
7539,12,19
7540,12,19
7541,12,19
7542,12,19
7543,12,19
7544,12,19
7545,12,19
7546,12,19
7547,12,19
7548,12,19
7549,12,19
7550,12,19
7551,12,19
7552,12,19
7553,12,19
7554,12,19
7555,12,19
7556,12,19
7557,12,19
7558,12,19
7559,12,19
7560,12,19
7561,12,19
7562,12,19
7563,12,19
7564,12,19
7565,12,19
7566,12,19
7567,12,19
7568,12,19
7569,12,19
7570,12,19
7571,12,19
7572,12,19
7573,12,19
7574,12,19
7575,12,19
7576,12,19
7577,12,19
7578,12,19
7579,12,19
7580,12,19
7581,12,19
7582,12,19
7583,12,19
7584,12,19
7585,12,19
7586,12,19
7587,12,19
7588,12,19
7589,12,19
7590,12,19
7591,12,19
7592,12,19
7593,12,19
7594,12,19
7595,12,19
7596,12,19
7597,12,19
7598,12,19
7599,12,19
7600,12,19
7601,12,19
7602,12,19
7603,12,19
7604,12,19
7605,12,19
7606,12,19
7607,12,19
7608,12,19
7609,12,19
7610,12,19
7611,12,19
7612,12,19
7613,12,19
7614,12,19
7615,12,19
7616,12,19
7617,12,19
7618,12,19
7619,12,19
7620,12,19
7621,12,19
7622,12,19
7623,12,19
7624,12,19
7625,12,19
7626,12,19
7627,12,19
7628,12,19
7629,12,19
7630,12,19
7631,12,19
7632,12,19
7633,12,19
7634,12,19
7635,12,19
7636,12,19
7637,12,19
7638,12,19
7639,12,19
7640,12,19
7641,12,19
7642,12,19
7643,12,19
7644,12,19
7645,12,19
7646,12,19
7647,12,19
7648,12,19
7649,12,19
7650,12,19
7651,12,19
7652,12,19
7653,12,19
7654,12,19
7655,12,19
7656,12,19
7657,12,19
7658,12,19
7659,12,19
7660,12,19
7661,12,19
7662,12,19
7663,12,19
7664,12,19
7665,12,19
7666,12,19
7667,12,19
7668,12,19
7669,12,19
7670,12,19
7671,12,19
7672,12,19
7673,12,19
7674,12,19
7675,12,19
7676,12,19
7677,12,19
7678,12,19
7679,12,19
7680,12,19
7681,12,19
7682,12,19
7683,12,19
7684,12,19
7685,12,19
7686,12,19
7687,12,19
7688,12,19
7689,12,19
7690,12,19
7691,12,19
7692,12,19
7693,12,19
7694,12,19
7695,12,19
7696,12,19
7697,12,19
7698,12,19
7699,12,19
7700,12,19
7701,12,19
7702,12,19
7703,12,19
7704,12,19
7705,12,19
7706,12,19
7707,12,19
7708,12,19
7709,12,19
7710,12,19
7711,12,19
7712,12,19
7713,12,19
7714,12,19
7715,12,19
7716,12,19
7717,12,19
7718,12,19
7719,12,19
7720,12,19
7721,12,19
7722,12,19
7723,12,19
7724,12,19
7725,12,19
7726,12,19
7727,12,19
7728,12,19
7729,12,19
7730,12,19
7731,12,19
7732,12,19
7733,12,19
7734,12,19
7735,12,19
7736,12,19
7737,12,19
7738,12,19
7739,12,19
7740,12,19
7741,12,19
7742,12,19
7743,12,19
7744,12,19
7745,12,19
7746,12,19
7747,12,19
7748,12,19
7749,12,19
7750,12,19
7751,12,19
7752,12,19
7753,12,19
7754,12,19
7755,12,19
7756,12,19
7757,12,19
7758,12,19
7759,12,19
7760,12,19
7761,12,19
7762,12,19
7763,12,19
7764,12,19
7765,12,19
7766,12,19
7767,12,19
7768,12,19
7769,12,19
7770,12,19
7771,12,19
7772,12,19
7773,12,19
7774,12,19
7775,12,19
7776,12,19
7777,12,19
7778,12,19
7779,12,19
7780,12,19
7781,12,19
7782,12,19
7783,12,19
7784,12,19
7785,12,19
7786,12,19
7787,12,19
7788,12,19
7789,12,19
7790,12,19
7791,12,19
7792,12,19
7793,12,19
7794,12,19
7795,12,19
7796,12,19
7797,12,19
7798,12,19
7799,12,19
7800,12,19
7801,12,19
7802,12,19
7803,12,19
7804,12,19
7805,12,19
7806,12,19
7807,12,19
7808,12,19
7809,12,19
7810,12,19
7811,12,19
7812,12,19
7813,12,19
7814,12,19
7815,12,19
7816,12,19
7817,12,19
7818,12,19
7819,12,19
7820,12,19
7821,12,19
7822,12,19
7823,12,19
7824,12,19
7825,12,19
7826,12,19
7827,12,19
7828,12,19
7829,12,19
7830,12,19
7831,12,19
7832,12,19
7833,12,19
7834,12,19
7835,12,19
7836,12,19
7837,12,19
7838,12,19
7839,12,19
7840,12,19
7841,12,19
7842,12,19
7843,12,19
7844,12,19
7845,12,19
7846,12,19
7847,12,19
7848,12,19
7849,12,19
7850,12,19
7851,12,19
7852,12,19
7853,12,19
7854,12,19
7855,12,19
7856,12,19
7857,12,19
7858,12,19
7859,12,19
7860,12,19
7861,12,19
7862,12,19
7863,12,19
7864,12,19
7865,12,19
7866,12,19
7867,12,19
7868,12,19
7869,12,19
7870,12,19
7871,12,19
7872,12,19
7873,12,19
7874,12,19
7875,12,19
7876,12,19
7877,12,19
7878,12,19
7879,12,19
7880,12,19
7881,12,19
7882,12,19
7883,12,19
7884,12,19
7885,12,19
7886,12,19
7887,12,19
7888,12,19
7889,12,19
7890,12,19
7891,12,20
7892,12,20
7893,12,20
7894,12,20
7895,12,20
7896,12,20
7897,12,20
7898,12,20
7899,12,20
7900,12,20
7901,12,20
7902,12,20
7903,12,20
7904,12,20
7905,12,20
7906,12,20
7907,12,20
7908,12,20
7909,12,20
7910,12,20
7911,12,20
7912,12,20
7913,12,20
7914,12,20
7915,12,20
7916,12,20
7917,12,20
7918,12,20
7919,12,20
7920,12,20
7921,12,20
7922,12,20
7923,12,20
7924,12,20
7925,12,20
7926,12,20
7927,12,20
7928,12,20
7929,12,20
7930,12,20
7931,12,20
7932,12,20
7933,12,20
7934,12,20
7935,12,20
7936,12,20
7937,12,20
7938,12,20
7939,12,20
7940,12,20
7941,12,20
7942,12,20
7943,12,20
7944,12,20
7945,12,20
7946,12,20
7947,12,20
7948,12,20
7949,12,20
7950,12,20
7951,12,20
7952,12,20
7953,12,20
7954,12,20
7955,12,20
7956,12,20
7957,12,20
7958,12,20
7959,12,20
7960,12,20
7961,12,20
7962,12,20
7963,12,20
7964,12,20
7965,12,20
7966,12,20
7967,12,20
7968,12,20
7969,12,20
7970,12,20
7971,12,20
7972,12,20
7973,12,20
7974,12,20
7975,12,20
7976,12,20
7977,12,20
7978,12,20
7979,12,20
7980,12,20
7981,12,20
7982,12,20
7983,12,20
7984,12,20
7985,12,20
7986,12,20
7987,12,20
7988,12,20
7989,12,20
7990,12,20
7991,12,20
7992,12,20
7993,12,20
7994,12,20
7995,12,20
7996,12,20
7997,12,20
7998,12,20
7999,12,20
8000,12,20
8001,12,20
8002,12,20
8003,12,20
8004,12,20
8005,12,20
8006,12,20
8007,12,20
8008,12,20
8009,12,20
8010,12,20
8011,12,20
8012,12,20
8013,12,20
8014,12,20
8015,12,20
8016,12,20
8017,12,20
8018,12,20
8019,12,20
8020,12,20
8021,12,20
8022,12,20
8023,12,20
8024,12,20
8025,12,20
8026,12,20
8027,12,20
8028,12,20
8029,12,20
8030,12,20
8031,12,20
8032,12,20
8033,12,20
8034,12,20
8035,12,20
8036,12,20
8037,12,20
8038,12,20
8039,12,20
8040,12,20
8041,12,20
8042,12,20
8043,12,20
8044,12,20
8045,12,20
8046,12,20
8047,12,20
8048,12,20
8049,12,20
8050,12,20
8051,12,20
8052,12,20
8053,12,20
8054,12,20
8055,12,20
8056,12,20
8057,12,20
8058,12,20
8059,12,20
8060,12,20
8061,12,20
8062,12,20
8063,12,20
8064,12,20
8065,12,20
8066,12,20
8067,12,20
8068,12,20
8069,12,20
8070,12,20
8071,12,20
8072,12,20
8073,12,20
8074,12,20
8075,12,20
8076,12,20
8077,12,20
8078,12,20
8079,12,20
8080,12,20
8081,12,20
8082,12,20
8083,12,20
8084,12,20
8085,12,20
8086,12,20
8087,12,20
8088,12,20
8089,12,20
8090,12,20
8091,12,20
8092,12,20
8093,12,20
8094,12,20
8095,12,20
8096,12,20
8097,12,20
8098,12,20
8099,12,20
8100,12,20
8101,12,20
8102,12,20
8103,12,20
8104,12,20
8105,12,20
8106,12,20
8107,12,20
8108,12,20
8109,12,20
8110,12,20
8111,12,20
8112,12,20
8113,12,20
8114,12,20
8115,12,20
8116,12,20
8117,12,20
8118,12,20
8119,12,20
8120,12,20
8121,12,20
8122,12,20
8123,12,20
8124,12,20
8125,12,20
8126,12,20
8127,12,20
8128,12,20
8129,12,20
8130,12,20
8131,12,20
8132,12,20
8133,12,20
8134,12,20
8135,12,20
8136,12,20
8137,12,20
8138,12,20
8139,12,20
8140,12,20
8141,12,20
8142,12,20
8143,12,20
8144,12,20
8145,12,20
8146,12,20
8147,12,20
8148,12,20
8149,12,20
8150,12,20
8151,12,20
8152,12,20
8153,12,20
8154,12,20
8155,12,20
8156,12,20
8157,12,20
8158,12,20
8159,12,20
8160,12,20
8161,12,20
8162,12,20
8163,12,20
8164,12,20
8165,12,20
8166,12,20
8167,12,20
8168,12,20
8169,12,20
8170,12,20
8171,12,20
8172,12,20
8173,12,20
8174,12,20
8175,12,20
8176,12,20
8177,12,20
8178,12,20
8179,12,20
8180,12,20
8181,12,20
8182,12,20
8183,12,20
8184,12,20
8185,12,20
8186,12,20
8187,12,20
8188,12,20
8189,12,20
8190,12,20
8191,12,20
8192,12,20
8193,12,20
8194,12,20
8195,12,20
8196,12,20
8197,12,20
8198,12,20
8199,12,20
8200,12,20
8201,12,20
8202,12,20
8203,12,20
8204,12,20
8205,12,20
8206,12,20
8207,12,20
8208,12,20
8209,12,20
8210,12,20
8211,12,20
8212,12,20
8213,12,20
8214,12,20
8215,12,20
8216,12,20
8217,12,20
8218,12,20
8219,12,20
8220,12,20
8221,12,20
8222,12,20
8223,12,20
8224,12,20
8225,12,20
8226,12,20
8227,12,20
8228,12,20
8229,12,20
8230,12,20
8231,12,20
8232,12,20
8233,12,20
8234,13,20
8235,13,20
8236,13,20
8237,13,20
8238,13,20
8239,14,20
8240,14,20
8241,14,20
8242,14,20
8243,14,20
8244,14,20
8245,14,20
8246,14,20
8247,14,20
8248,14,20
8249,14,20
8250,14,20
8251,14,20
8252,14,20
8253,15,20
8254,15,20
8255,15,20
8256,15,20
8257,15,20
8258,15,20
8259,15,20
8260,15,20
8261,15,20
8262,15,20
8263,15,20
8264,15,20
8265,15,20
8266,15,20
8267,15,20
8268,15,20
8269,15,20
8270,15,20
8271,15,20
8272,15,20
8273,15,20
8274,15,20
8275,15,20
8276,15,20
8277,15,20
8278,15,20
8279,15,20
8280,15,20
8281,15,20
8282,15,20
8283,15,20
8284,15,20
8285,15,20
8286,15,20
8287,15,20
8288,15,20
8289,15,20
8290,15,20
8291,15,20
8292,15,20
8293,15,20
8294,15,20
8295,15,20
8296,15,20
8297,15,20
8298,15,20
8299,15,20
8300,15,20
8301,15,20
8302,15,20
8303,15,20
8304,15,20
8305,15,20
8306,15,20
8307,15,20
8308,15,20
8309,15,20
8310,15,20
8311,15,20
8312,15,20
8313,15,20
8314,15,20
8315,15,20
8316,15,20
8317,15,20
8318,15,20
8319,15,20
8320,15,20
8321,15,20
8322,15,20
8323,15,20
8324,15,20
8325,15,20
8326,15,20
8327,15,20
8328,15,20
8329,15,20
8330,15,20
8331,15,20
8332,15,20
8333,15,20
8334,15,20
8335,15,20
8336,15,20
8337,15,20
8338,15,20
8339,15,20
8340,15,20
8341,15,20
8342,15,20
8343,15,20
8344,15,20
8345,15,20
8346,15,20
8347,15,20
8348,15,20
8349,15,20
8350,15,20
8351,15,20
8352,15,20
8353,15,20
8354,15,20
8355,15,20
8356,15,20
8357,15,20
8358,15,20
8359,15,20
8360,15,20
8361,15,20
8362,15,20
8363,15,20
8364,15,20
8365,15,20
8366,15,20
8367,15,20
8368,15,21
8369,15,21
8370,15,21
8371,15,21
8372,15,21
8373,15,21
8374,15,21
8375,15,21
8376,15,21
8377,15,21
8378,15,21
8379,15,21
8380,15,21
8381,15,21
8382,15,21
8383,15,21
8384,15,21
8385,15,21
8386,15,21
8387,15,21
8388,15,21
8389,15,21
8390,15,21
8391,15,21
8392,15,21
8393,15,21
8394,15,21
8395,15,21
8396,15,21
8397,15,21
8398,15,21
8399,15,21
8400,15,21
8401,15,21
8402,15,21
8403,15,21
8404,15,21
8405,15,21
8406,15,21
8407,15,21
8408,15,21
8409,15,21
8410,15,21
8411,15,21
8412,15,21
8413,15,21
8414,15,21
8415,15,21
8416,15,21
8417,15,21
8418,15,21
8419,15,21
8420,15,21
8421,15,21
8422,15,21
8423,15,21
8424,15,21
8425,15,21
8426,15,21
8427,15,21
8428,15,21
8429,15,21
8430,15,21
8431,15,21
8432,15,21
8433,15,21
8434,15,21
8435,15,21
8436,15,21
8437,15,21
8438,15,21
8439,15,21
8440,15,21
8441,15,21
8442,15,21
8443,15,21
8444,15,21
8445,15,21
8446,15,21
8447,15,21
8448,15,21
8449,15,21
8450,15,21
8451,15,21
8452,15,21
8453,15,21
8454,15,21
8455,15,21
8456,15,21
8457,15,21
8458,15,21
8459,15,21
8460,15,21
8461,15,21
8462,15,21
8463,15,21
8464,15,21
8465,15,21
8466,15,21
8467,15,21
8468,15,21
8469,15,21
8470,15,21
8471,15,21
8472,15,21
8473,15,21
8474,15,21
8475,15,21
8476,15,21
8477,15,21
8478,15,21
8479,15,21
8480,15,21
8481,15,21
8482,15,21
8483,15,21
8484,15,21
8485,15,21
8486,15,21
8487,15,21
8488,15,21
8489,15,21
8490,15,21
8491,15,21
8492,15,21
8493,15,21
8494,15,21
8495,15,21
8496,15,21
8497,15,21
8498,15,21
8499,15,21
8500,15,21
8501,15,21
8502,15,21
8503,15,21
8504,15,21
8505,15,21
8506,15,21
8507,15,21
8508,15,21
8509,15,21
8510,15,21
8511,15,21
8512,15,21
8513,15,21
8514,15,21
8515,15,21
8516,15,21
8517,15,21
8518,15,21
8519,15,21
8520,15,21
8521,15,21
8522,15,21
8523,15,21
8524,15,21
8525,15,21
8526,15,21
8527,15,21
8528,15,21
8529,15,21
8530,15,21
8531,15,21
8532,15,21
8533,15,21
8534,15,21
8535,15,21
8536,15,21
8537,15,21
8538,15,21
8539,15,21
8540,15,21
8541,15,21
8542,15,21
8543,15,21
8544,15,21
8545,15,21
8546,15,21
8547,15,21
8548,15,21
8549,15,21
8550,15,21
8551,15,21
8552,15,21
8553,15,21
8554,15,21
8555,15,21
8556,15,21
8557,15,21
8558,15,21
8559,15,21
8560,15,21
8561,15,21
8562,15,21
8563,15,21
8564,15,21
8565,15,21
8566,15,21
8567,15,21
8568,15,21
8569,15,21
8570,15,21
8571,15,21
8572,15,21
8573,15,21
8574,15,21
8575,15,21
8576,15,21
8577,15,21
8578,15,21
8579,15,21
8580,15,21
8581,15,21
8582,15,21
8583,15,21
8584,15,21
8585,15,21
8586,15,21
8587,15,21
8588,15,21
8589,15,21
8590,15,21
8591,15,21
8592,15,21
8593,15,21
8594,15,21
8595,15,21
8596,15,21
8597,15,21
8598,15,21
8599,15,21
8600,15,21
8601,15,21
8602,15,21
8603,15,21
8604,15,21
8605,15,21
8606,15,21
8607,15,21
8608,15,21
8609,15,21
8610,15,21
8611,15,21
8612,15,21
8613,15,21
8614,15,21
8615,15,21
8616,15,21
8617,15,21
8618,15,21
8619,15,21
8620,15,21
8621,15,21
8622,15,21
8623,15,21
8624,15,21
8625,15,21
8626,15,21
8627,15,21
8628,15,21
8629,15,21
8630,15,21
8631,15,21
8632,15,21
8633,15,21
8634,15,21
8635,15,21
8636,15,21
8637,15,21
8638,15,21
8639,15,21
8640,15,21
8641,15,21
8642,15,21
8643,15,21
8644,15,21
8645,15,21
8646,15,21
8647,15,21
8648,15,21
8649,15,21
8650,15,21
8651,15,21
8652,15,21
8653,15,21
8654,15,21
8655,15,21
8656,15,21
8657,15,21
8658,15,21
8659,15,21
8660,15,21
8661,15,21
8662,15,21
8663,15,21
8664,15,21
8665,15,21
8666,15,21
8667,15,21
8668,15,21
8669,15,21
8670,15,21
8671,15,21
8672,15,21
8673,15,21
8674,15,21
8675,15,21
8676,15,21
8677,15,21
8678,15,21
8679,15,21
8680,15,21
8681,15,21
8682,15,21
8683,15,21
8684,15,21
8685,15,21
8686,15,21
8687,15,21
8688,15,21
8689,15,21
8690,15,21
8691,15,21
8692,15,21
8693,15,21
8694,15,21
8695,15,21
8696,15,21
8697,15,21
8698,15,21
8699,15,21
8700,15,21
8701,15,21
8702,15,21
8703,15,21
8704,15,21
8705,15,21
8706,15,21
8707,15,21
8708,15,21
8709,15,21
8710,15,21
8711,15,21
8712,15,21
8713,15,21
8714,15,21
8715,15,21
8716,15,21
8717,15,21
8718,15,21
8719,15,21
8720,15,21
8721,15,21
8722,15,21
8723,15,21
8724,15,21
8725,15,21
8726,15,21
8727,15,21
8728,15,21
8729,15,21
8730,15,21
8731,15,21
8732,15,21
8733,15,21
8734,15,21
8735,15,21
8736,15,21
8737,15,21
8738,15,21
8739,15,21
8740,15,21
8741,15,21
8742,15,21
8743,15,21
8744,15,21
8745,15,21
8746,15,21
8747,15,21
8748,15,21
8749,15,21
8750,15,21
8751,15,21
8752,15,21
8753,15,21
8754,15,21
8755,15,21
8756,15,21
8757,15,21
8758,15,21
8759,15,21
8760,15,21
8761,15,21
8762,15,21
8763,15,21
8764,15,21
8765,15,21
8766,15,21
8767,15,21
8768,15,21
8769,15,21
8770,15,21
8771,15,21
8772,15,21
8773,15,21
8774,15,21
8775,15,21
8776,15,21
8777,15,21
8778,15,21
8779,15,21
8780,15,21
8781,15,21
8782,15,21
8783,15,21
8784,15,21
8785,15,21
8786,15,21
8787,15,21
8788,15,21
8789,15,21
8790,15,21
8791,15,21
8792,15,21
8793,15,21
8794,15,21
8795,15,21
8796,15,21
8797,15,21
8798,15,21
8799,15,21
8800,15,21
8801,15,21
8802,15,21
8803,15,21
8804,15,21
8805,15,21
8806,15,21
8807,15,21
8808,15,21
8809,15,21
8810,15,21
8811,15,21
8812,15,21
8813,15,21
8814,15,21
8815,15,21
8816,15,21
8817,15,21
8818,15,21
8819,15,21
8820,15,21
8821,15,21
8822,15,21
8823,15,21
8824,15,21
8825,15,21
8826,15,21
8827,15,21
8828,15,21
8829,15,21
8830,15,21
8831,15,21
8832,15,21
8833,15,21
8834,15,21
8835,15,21
8836,15,21
8837,15,21
8838,15,21
8839,15,21
8840,15,21
8841,15,21
8842,15,21
8843,15,21
8844,15,21
8845,15,21
8846,15,21
8847,15,21
8848,15,21
8849,15,21
8850,15,21
8851,15,21
8852,15,21
8853,15,21
8854,15,21
8855,15,21
8856,15,21
8857,15,21
8858,15,21
8859,15,21
8860,15,21
8861,15,21
8862,15,21
8863,16,21
8864,16,21
8865,17,21
8866,17,21
8867,17,21
8868,17,21
8869,17,21
8870,17,21
8871,17,21
8872,17,21
8873,17,21
8874,17,21
8875,17,21
8876,17,21
8877,17,21
8878,17,21
8879,17,21
8880,17,21
8881,17,21
8882,17,21
8883,17,21
8884,17,21
8885,17,21
8886,17,21
8887,17,21
8888,17,21
8889,17,21
8890,17,21
8891,17,21
8892,17,21
8893,17,21
8894,17,21
8895,17,21
8896,17,21
8897,17,21
8898,17,21
8899,17,21
8900,17,21
8901,17,21
8902,17,21
8903,17,21
8904,17,21
8905,17,21
8906,17,21
8907,17,21
8908,17,21
8909,17,21
8910,17,21
8911,17,21
8912,17,21
8913,17,21
8914,17,21
8915,17,21
8916,17,21
8917,17,21
8918,17,21
8919,17,21
8920,17,21
8921,17,21
8922,17,21
8923,17,21
8924,17,21
8925,17,21
8926,17,21
8927,17,21
8928,17,21
8929,17,21
8930,17,21
8931,17,21
8932,17,21
8933,17,21
8934,17,21
8935,17,21
8936,17,21
8937,17,21
8938,17,21
8939,17,21
8940,17,21
8941,17,21
8942,17,21
8943,17,21
8944,17,21
8945,17,21
8946,17,21
8947,17,21
8948,17,21
8949,17,21
8950,17,21
8951,17,21
8952,17,21
8953,17,21
8954,17,21
8955,17,21
8956,17,21
8957,17,21
8958,17,21
8959,17,22
8960,17,22
8961,17,22
8962,17,22
8963,17,22
8964,17,22
8965,17,22
8966,17,22
8967,17,22
8968,17,22
8969,17,22
8970,17,22
8971,17,22
8972,17,22
8973,17,22
8974,17,22
8975,17,22
8976,17,22
8977,17,22
8978,17,22
8979,17,22
8980,17,22
8981,17,22
8982,17,22
8983,17,22
8984,17,22
8985,17,22
8986,17,22
8987,17,22
8988,17,22
8989,17,22
8990,17,22
8991,17,22
8992,17,22
8993,17,22
8994,17,22
8995,17,22
8996,17,22
8997,17,22
8998,17,22
8999,17,22
9000,17,22
9001,17,22
9002,17,22
9003,17,22
9004,17,22
9005,17,22
9006,17,22
9007,17,22
9008,17,22
9009,17,22
9010,17,22
9011,17,22
9012,17,22
9013,17,22
9014,17,22
9015,17,22
9016,17,22
9017,17,22
9018,17,22
9019,17,22
9020,17,22
9021,17,22
9022,17,22
9023,17,22
9024,17,22
9025,17,22
9026,17,22
9027,17,22
9028,17,22
9029,17,22
9030,17,22
9031,17,22
9032,17,22
9033,18,22
9034,18,22
9035,18,22
9036,18,22
9037,18,22
9038,18,22
9039,18,22
9040,18,22
9041,18,22
9042,18,22
9043,18,22
9044,18,22
9045,18,22
9046,18,22
9047,18,22
9048,18,22
9049,18,22
9050,18,22
9051,18,22
9052,18,22
9053,18,22
9054,18,22
9055,18,22
9056,18,22
9057,18,22
9058,18,22
9059,18,22
9060,18,22
9061,18,22
9062,18,22
9063,18,22
9064,18,22
9065,18,22
9066,18,22
9067,18,22
9068,18,22
9069,18,22
9070,18,22
9071,18,22
9072,18,22
9073,18,22
9074,18,22
9075,18,22
9076,18,22
9077,18,22
9078,18,22
9079,18,22
9080,18,22
9081,18,22
9082,18,22
9083,18,22
9084,18,22
9085,18,22
9086,18,22
9087,18,22
9088,18,22
9089,18,22
9090,18,22
9091,18,22
9092,18,22
9093,18,22
9094,18,22
9095,18,22
9096,18,22
9097,18,22
9098,18,22
9099,18,22
9100,18,22
9101,18,22
9102,18,22
9103,18,22
9104,18,22
9105,18,22
9106,18,22
9107,18,22
9108,18,22
9109,18,22
9110,18,22
9111,18,22
9112,19,22
9113,19,22
9114,19,22
9115,19,22
9116,19,22
9117,19,22
9118,19,22
9119,19,22
9120,19,22
9121,19,22
9122,19,22
9123,19,22
9124,19,22
9125,19,22
9126,19,22
9127,19,22
9128,19,22
9129,19,22
9130,19,22
9131,19,22
9132,19,22
9133,19,22
9134,19,22
9135,19,22
9136,19,22
9137,19,22
9138,19,22
9139,19,22
9140,19,22
9141,19,22
9142,19,22
9143,19,22
9144,19,22
9145,19,22
9146,19,22
9147,19,22
9148,19,22
9149,19,22
9150,19,22
9151,19,22
9152,19,22
9153,19,22
9154,19,22
9155,19,22
9156,19,22
9157,19,22
9158,19,22
9159,19,22
9160,19,22
9161,19,22
9162,19,22
9163,19,22
9164,19,22
9165,19,22
9166,19,22
9167,19,22
9168,19,22
9169,19,22
9170,19,22
9171,19,22
9172,19,22
9173,19,22
9174,19,22
9175,19,22
9176,19,22
9177,19,22
9178,19,22
9179,19,22
9180,19,22
9181,19,22
9182,19,22
9183,19,22
9184,19,22
9185,19,22
9186,19,22
9187,19,22
9188,19,22
9189,19,22
9190,19,22
9191,19,22
9192,19,22
9193,19,22
9194,19,22
9195,19,22
9196,19,22
9197,19,22
9198,19,22
9199,19,22
9200,19,22
9201,19,22
9202,19,22
9203,19,22
9204,19,22
9205,19,22
9206,19,22
9207,19,22
9208,19,22
9209,19,22
9210,19,22
9211,19,22
9212,19,22
9213,19,22
9214,19,22
9215,19,22
9216,19,22
9217,19,22
9218,19,22
9219,19,22
9220,19,22
9221,19,22
9222,19,22
9223,19,22
9224,19,22
9225,19,22
9226,19,22
9227,19,22
9228,19,22
9229,19,22
9230,19,22
9231,19,22
9232,19,22
9233,19,22
9234,19,22
9235,19,22
9236,19,22
9237,19,22
9238,19,22
9239,19,22
9240,19,22
9241,19,22
9242,19,22
9243,19,22
9244,19,22
9245,19,22
9246,19,22
9247,19,22
9248,19,22
9249,19,22
9250,19,22
9251,19,22
9252,19,22
9253,19,22
9254,19,22
9255,19,22
9256,19,22
9257,19,22
9258,19,22
9259,19,22
9260,19,22
9261,19,22
9262,19,22
9263,19,22
9264,19,22
9265,19,22
9266,19,22
9267,19,22
9268,19,22
9269,19,22
9270,19,22
9271,19,22
9272,19,22
9273,19,22
9274,19,22
9275,19,22
9276,19,22
9277,19,22
9278,19,22
9279,19,22
9280,19,22
9281,19,22
9282,19,22
9283,19,22
9284,19,22
9285,19,22
9286,19,22
9287,19,22
9288,19,22
9289,19,22
9290,19,22
9291,19,22
9292,19,22
9293,19,22
9294,19,22
9295,19,22
9296,19,22
9297,19,22
9298,19,22
9299,19,22
9300,19,22
9301,19,22
9302,19,22
9303,19,22
9304,20,22
9305,20,22
9306,20,22
9307,20,22
9308,20,22
9309,20,22
9310,20,22
9311,20,22
9312,20,22
9313,20,22
9314,20,22
9315,20,22
9316,20,22
9317,20,22
9318,20,22
9319,20,22
9320,20,22
9321,20,22
9322,20,22
9323,20,22
9324,20,22
9325,20,22
9326,20,22
9327,20,22
9328,20,22
9329,20,22
9330,20,22
9331,20,22
9332,20,22
9333,20,22
9334,20,22
9335,20,22
9336,20,22
9337,20,22
9338,20,22
9339,20,22
9340,20,22
9341,20,22
9342,20,22
9343,20,22
9344,20,22
9345,20,22
9346,20,22
9347,20,22
9348,20,22
9349,20,22
9350,20,22
9351,20,22
9352,20,22
9353,20,22
9354,20,22
9355,20,22
9356,20,22
9357,20,22
9358,20,22
9359,20,22
9360,20,22
9361,20,22
9362,20,22
9363,20,22
9364,20,22
9365,20,22
9366,20,22
9367,20,22
9368,20,22
9369,20,22
9370,20,22
9371,20,22
9372,20,22
9373,20,22
9374,20,22
9375,20,22
9376,21,22
9377,21,22
9378,21,22
9379,21,22
9380,21,22
9381,21,22
9382,21,22
9383,21,22
9384,21,22
9385,21,22
9386,21,22
9387,21,22
9388,21,22
9389,21,22
9390,21,22
9391,21,22
9392,21,22
9393,21,22
9394,21,22
9395,21,22
9396,21,22
9397,21,22
9398,21,22
9399,21,22
9400,21,22
9401,21,22
9402,21,22
9403,21,22
9404,21,22
9405,21,22
9406,21,22
9407,21,22
9408,21,22
9409,21,22
9410,21,22
9411,21,22
9412,21,22
9413,21,22
9414,21,22
9415,21,22
9416,21,22
9417,21,22
9418,21,22
9419,21,22
9420,21,22
9421,21,22
9422,21,22
9423,21,22
9424,21,22
9425,21,22
9426,21,22
9427,21,22
9428,21,22
9429,21,22
9430,21,22
9431,21,22
9432,21,22
9433,21,22
9434,21,22
9435,21,22
9436,21,22
9437,21,22
9438,21,22
9439,21,22
9440,21,22
9441,21,22
9442,21,22
9443,21,22
9444,21,22
9445,21,22
9446,21,22
9447,21,22
9448,21,22
9449,21,22
9450,21,22
9451,21,22
9452,21,22
9453,21,22
9454,21,22
9455,21,22
9456,21,22
9457,21,22
9458,21,22
9459,21,22
9460,21,22
9461,21,22
9462,21,22
9463,21,22
9464,21,22
9465,21,22
9466,21,22
9467,21,23
9468,21,23
9469,21,23
9470,21,23
9471,21,23
9472,21,23
9473,21,23
9474,21,23
9475,21,23
9476,21,23
9477,21,23
9478,21,23
9479,21,23
9480,21,23
9481,21,23
9482,21,23
9483,21,23
9484,21,23
9485,21,23
9486,21,23
9487,21,23
9488,21,23
9489,21,23
9490,21,23
9491,21,23
9492,21,23
9493,21,23
9494,21,23
9495,21,23
9496,21,23
9497,21,23
9498,21,23
9499,21,23
9500,21,23
9501,21,23
9502,21,23
9503,21,23
9504,21,23
9505,21,23
9506,21,23
9507,21,23
9508,21,23
9509,21,23
9510,21,23
9511,21,23
9512,21,23
9513,21,23
9514,21,23
9515,21,23
9516,21,23
9517,21,23
9518,21,23
9519,21,23
9520,21,23
9521,21,23
9522,21,23
9523,21,23
9524,21,23
9525,21,23
9526,21,23
9527,21,23
9528,21,23
9529,21,23
9530,21,23
9531,21,23
9532,21,23
9533,21,23
9534,21,23
9535,21,23
9536,21,23
9537,21,23
9538,21,23
9539,21,23
9540,21,23
9541,21,23
9542,21,23
9543,21,23
9544,21,23
9545,21,23
9546,21,23
9547,21,23
9548,21,23
9549,21,23
9550,21,23
9551,21,23
9552,21,23
9553,21,23
9554,21,23
9555,21,23
9556,21,23
9557,21,23
9558,21,23
9559,21,23
9560,21,23
9561,21,23
9562,21,23
9563,21,23
9564,21,23
9565,21,23
9566,21,23
9567,21,23
9568,21,23
9569,21,23
9570,21,23
9571,21,23
9572,21,23
9573,21,23
9574,21,23
9575,21,23
9576,21,23
9577,21,23
9578,21,23
9579,21,23
9580,21,23
9581,21,23
9582,21,23
9583,21,23
9584,21,23
9585,21,23
9586,21,23
9587,21,23
9588,21,23
9589,21,23
9590,21,23
9591,21,23
9592,21,23
9593,21,23
9594,21,23
9595,21,23
9596,21,23
9597,21,23
9598,21,23
9599,21,23
9600,21,23
9601,21,23
9602,21,23
9603,21,23
9604,21,23
9605,21,23
9606,21,23
9607,21,23
9608,21,23
9609,21,23
9610,21,23
9611,21,23
9612,21,23
9613,21,23
9614,21,23
9615,21,23
9616,21,23
9617,21,23
9618,21,23
9619,21,23
9620,21,23
9621,21,23
9622,21,23
9623,21,23
9624,21,23
9625,21,23
9626,21,23
9627,21,23
9628,21,23
9629,21,23
9630,21,23
9631,21,23
9632,21,23
9633,21,23
9634,21,23
9635,21,23
9636,21,23
9637,21,23
9638,21,23
9639,21,23
9640,21,23
9641,21,23
9642,21,23
9643,21,23
9644,21,23
9645,21,23
9646,21,23
9647,21,23
9648,21,23
9649,21,23
9650,21,23
9651,21,23
9652,21,23
9653,21,23
9654,21,23
9655,21,23
9656,21,23
9657,21,23
9658,21,23
9659,21,23
9660,21,23
9661,21,23
9662,21,23
9663,21,23
9664,21,23
9665,21,23
9666,21,23
9667,21,23
9668,21,23
9669,21,23
9670,21,23
9671,21,23
9672,21,23
9673,21,23
9674,21,23
9675,21,23
9676,21,23
9677,21,23
9678,21,23
9679,21,23
9680,21,23
9681,21,23
9682,21,23
9683,21,23
9684,21,23
9685,21,23
9686,21,23
9687,21,23
9688,21,23
9689,21,23
9690,21,23
9691,21,23
9692,21,23
9693,21,23
9694,21,23
9695,21,23
9696,21,23
9697,21,23
9698,21,23
9699,21,23
9700,21,23
9701,21,23
9702,21,23
9703,21,23
9704,21,23
9705,21,23
9706,21,23
9707,21,23
9708,21,23
9709,21,23
9710,21,23
9711,21,23
9712,21,23
9713,21,23
9714,21,23
9715,21,23
9716,21,23
9717,21,23
9718,21,23
9719,21,23
9720,21,23
9721,21,23
9722,21,23
9723,21,23
9724,21,23
9725,21,23
9726,21,23
9727,21,23
9728,21,23
9729,21,23
9730,21,23
9731,21,23
9732,21,23
9733,21,23
9734,21,23
9735,21,23
9736,21,23
9737,21,23
9738,21,23
9739,21,23
9740,21,23
9741,21,23
9742,21,23
9743,21,23
9744,21,23
9745,21,23
9746,21,23
9747,21,23
9748,21,23
9749,21,23
9750,21,23
9751,21,23
9752,21,23
9753,21,23
9754,21,23
9755,21,23
9756,21,23
9757,21,23
9758,21,23
9759,21,23
9760,21,23
9761,21,23
9762,21,23
9763,21,23
9764,21,23
9765,21,23
9766,21,23
9767,21,23
9768,21,23
9769,21,23
9770,21,23
9771,21,23
9772,21,23
9773,21,23
9774,21,23
9775,22,23
9776,22,23
9777,22,23
9778,22,23
9779,22,23
9780,22,23
9781,22,23
9782,22,23
9783,22,23
9784,22,23
9785,22,23
9786,22,23
9787,22,23
9788,22,23
9789,22,23
9790,22,23
9791,22,23
9792,22,23
9793,22,23
9794,22,23
9795,22,23
9796,22,23
9797,22,23
9798,22,23
9799,22,23
9800,22,23
9801,22,23
9802,22,23
9803,22,23
9804,22,23
9805,22,23
9806,22,23
9807,22,23
9808,22,23
9809,22,23
9810,22,24
9811,22,24
9812,22,24
9813,22,24
9814,22,24
9815,22,24
9816,22,24
9817,22,24
9818,22,24
9819,22,24
9820,22,24
9821,22,24
9822,22,24
9823,22,24
9824,22,24
9825,22,24
9826,22,24
9827,22,24
9828,22,24
9829,22,24
9830,22,24
9831,22,24
9832,22,24
9833,22,24
9834,22,24
9835,22,24
9836,22,24
9837,22,24
9838,22,24
9839,22,24
9840,22,24
9841,22,24
9842,22,24
9843,22,24
9844,22,24
9845,22,24
9846,22,24
9847,22,24
9848,22,24
9849,22,24
9850,22,24
9851,22,24
9852,22,24
9853,22,24
9854,22,24
9855,22,24
9856,22,24
9857,22,24
9858,22,24
9859,22,24
9860,22,24
9861,22,24
9862,22,24
9863,22,24
9864,22,24
9865,22,24
9866,22,24
9867,22,24
9868,22,24
9869,22,24
9870,22,24
9871,22,24
9872,22,24
9873,22,24
9874,22,24
9875,22,24
9876,22,24
9877,22,24
9878,22,24
9879,22,24
9880,22,24
9881,22,24
9882,22,24
9883,22,24
9884,22,24
9885,22,24
9886,22,24
9887,22,24
9888,22,24
9889,22,24
9890,22,24
9891,22,24
9892,22,24
9893,22,24
9894,22,24
9895,22,24
9896,22,24
9897,22,24
9898,22,24
9899,22,24
9900,22,24
9901,22,24
9902,22,24
9903,22,24
9904,22,24
9905,22,24
9906,22,24
9907,22,24
9908,22,24
9909,22,24
9910,22,24
9911,22,24
9912,22,24
9913,22,24
9914,22,24
9915,22,24
9916,22,24
9917,22,24
9918,22,24
9919,22,24
9920,22,24
9921,22,24
9922,22,24
9923,22,24
9924,22,24
9925,22,24
9926,22,24
9927,22,24
9928,22,24
9929,22,24
9930,22,24
9931,22,24
9932,22,24
9933,22,24
9934,22,24
9935,22,24
9936,22,24
9937,22,24
9938,22,24
9939,22,24
9940,22,24
9941,22,24
9942,22,24
9943,22,24
9944,22,24
9945,22,24
9946,22,24
9947,22,24
9948,22,24
9949,22,24
9950,22,24
9951,22,24
9952,22,24
9953,22,24
9954,22,24
9955,22,24
9956,22,24
9957,22,24
9958,22,24
9959,22,24
9960,22,25
9961,22,25
9962,22,25
9963,22,25
9964,22,25
9965,22,25
9966,22,25
9967,22,25
9968,22,25
9969,22,25
9970,22,25
9971,22,25
9972,22,25
9973,22,25
9974,22,25
9975,22,25
9976,22,25
9977,22,25
9978,22,25
9979,22,25
9980,22,25
9981,22,25
9982,22,25
9983,22,25
9984,22,25
9985,22,25
9986,22,25
9987,22,25
9988,22,25
9989,22,25
9990,22,25
9991,22,25
9992,22,25
9993,22,25
9994,22,25
9995,22,25
9996,22,25
9997,22,25
9998,22,25
9999,22,25
10000,22,25
10001,22,25
10002,22,25
10003,22,25
10004,22,25
10005,22,25
10006,22,25
10007,22,25
10008,22,25
10009,22,25
10010,22,25
10011,22,25
10012,22,25
10013,22,25
10014,22,25
10015,22,25
10016,22,25
10017,22,25
10018,22,25
10019,22,25
10020,22,25
10021,22,25
10022,22,25
10023,22,25
10024,22,25
10025,22,25
10026,22,25
10027,22,25
10028,22,25
10029,22,25
10030,22,25
10031,22,25
10032,22,25
10033,22,25
10034,22,25
10035,22,25
10036,22,25
10037,22,25
10038,22,25
10039,22,25
10040,22,25
10041,22,25
10042,22,25
10043,22,25
10044,22,25
10045,22,25
10046,22,25
10047,22,25
10048,22,25
10049,22,25
10050,22,25
10051,22,25
10052,22,25
10053,22,25
10054,22,25
10055,22,25
10056,22,25
10057,22,25
10058,22,25
10059,22,25
10060,22,25
10061,22,25
10062,22,25
10063,22,25
10064,22,25
10065,22,25
10066,22,25
10067,22,25
10068,22,25
10069,22,25
10070,22,25
10071,22,25
10072,22,25
10073,22,25
10074,22,25
10075,22,25
10076,22,25
10077,22,25
10078,22,25
10079,22,25
10080,22,25
10081,22,25
10082,22,25
10083,22,25
10084,22,25
10085,22,25
10086,22,25
10087,22,25
10088,22,25
10089,22,25
10090,22,25
10091,22,25
10092,22,25
10093,22,25
10094,22,25
10095,22,25
10096,22,25
10097,22,25
10098,22,25
10099,22,25
10100,22,25
10101,22,25
10102,22,25
10103,22,25
10104,22,25
10105,22,25
10106,22,25
10107,22,25
10108,22,25
10109,22,25
10110,22,25
10111,22,25
10112,22,25
10113,22,25
10114,22,25
10115,22,25
10116,22,25
10117,22,25
10118,22,25
10119,22,25
10120,22,25
10121,22,25
10122,22,25
10123,22,25
10124,22,25
10125,22,25
10126,22,25
10127,22,25
10128,22,25
10129,22,25
10130,22,25
10131,22,25
10132,22,25
10133,22,25
10134,22,25
10135,22,25
10136,22,25
10137,22,25
10138,22,25
10139,23,25
10140,23,25
10141,23,25
10142,23,25
10143,23,25
10144,23,25
10145,23,25
10146,23,25
10147,23,25
10148,23,25
10149,23,25
10150,23,25
10151,23,25
10152,23,25
10153,23,25
10154,23,25
10155,23,25
10156,23,25
10157,23,25
10158,23,25
10159,23,25
10160,23,25
10161,23,25
10162,23,25
10163,23,25
10164,23,25
10165,23,25
10166,23,25
10167,23,25
10168,23,25
10169,23,25
10170,23,25
10171,23,25
10172,23,25
10173,23,25
10174,23,25
10175,23,25
10176,23,25
10177,23,25
10178,23,25
10179,23,25
10180,23,25
10181,23,25
10182,23,25
10183,23,25
10184,23,25
10185,23,25
10186,23,25
10187,23,25
10188,23,25
10189,23,25
10190,23,25
10191,23,25
10192,23,25
10193,23,25
10194,23,25
10195,23,25
10196,23,25
10197,23,25
10198,23,25
10199,23,25
10200,23,25
10201,23,25
10202,23,25
10203,23,25
10204,23,25
10205,23,25
10206,23,25
10207,23,25
10208,23,25
10209,23,25
10210,23,25
10211,23,25
10212,23,25
10213,23,25
10214,23,25
10215,23,25
10216,23,25
10217,23,25
10218,23,25
10219,23,25
10220,23,25
10221,23,25
10222,23,25
10223,23,25
10224,23,25
10225,23,25
10226,23,25
10227,23,25
10228,23,25
10229,23,25
10230,23,25
10231,23,25
10232,23,25
10233,23,25
10234,23,25
10235,23,25
10236,23,25
10237,23,25
10238,23,25
10239,23,25
10240,23,25
10241,23,25
10242,23,25
10243,23,25
10244,23,25
10245,23,25
10246,23,25
10247,23,25
10248,23,25
10249,23,25
10250,23,25
10251,23,25
10252,23,25
10253,23,25
10254,23,25
10255,23,25
10256,23,25
10257,23,25
10258,23,25
10259,23,25
10260,23,25
10261,23,25
10262,23,25
10263,23,25
10264,23,25
10265,23,25
10266,23,25
10267,23,25
10268,23,25
10269,23,25
10270,23,25
10271,23,25
10272,23,25
10273,23,25
10274,23,25
10275,23,25
10276,23,25
10277,23,25
10278,23,25
10279,23,25
10280,23,25
10281,23,25
10282,23,25
10283,23,25
10284,23,25
10285,23,25
10286,23,25
10287,23,25
10288,23,25
10289,23,25
10290,23,25
10291,23,25
10292,23,25
10293,23,25
10294,23,25
10295,23,25
10296,23,25
10297,23,25
10298,23,25
10299,23,25
10300,23,25
10301,23,25
10302,23,25
10303,23,25
10304,23,25
10305,23,25
10306,23,25
10307,23,25
10308,23,25
10309,23,25
10310,23,25
10311,23,25
10312,23,25
10313,23,25
10314,23,25
10315,23,25
10316,23,25
10317,23,25
10318,23,25
10319,23,25
10320,23,25
10321,23,25
10322,23,25
10323,23,25
10324,23,25
10325,23,25
10326,23,25
10327,23,25
10328,23,25
10329,23,25
10330,23,25
10331,23,25
10332,23,25
10333,23,25
10334,23,25
10335,23,25
10336,23,25
10337,23,25
10338,23,25
10339,23,25
10340,23,25
10341,23,25
10342,23,25
10343,23,25
10344,23,25
10345,23,25
10346,23,25
10347,23,25
10348,23,25
10349,23,25
10350,23,25
10351,23,25
10352,23,25
10353,23,25
10354,23,25
10355,23,25
10356,23,25
10357,23,25
10358,23,25
10359,23,25
10360,23,25
10361,23,25
10362,23,25
10363,23,25
10364,23,25
10365,23,25
10366,23,25
10367,23,25
10368,23,25
10369,23,25
10370,23,25
10371,23,25
10372,23,25
10373,23,25
10374,23,25
10375,23,25
10376,23,25
10377,23,25
10378,23,25
10379,23,25
10380,23,25
10381,23,25
10382,23,25
10383,23,26
10384,23,26
10385,23,26
10386,23,26
10387,23,26
10388,23,26
10389,23,26
10390,23,26
10391,23,26
10392,23,26
10393,23,26
10394,23,26
10395,23,26
10396,23,26
10397,23,26
10398,23,26
10399,23,26
10400,23,26
10401,23,26
10402,23,26
10403,23,26
10404,23,26
10405,23,26
10406,23,26
10407,23,26
10408,23,26
10409,23,26
10410,23,26
10411,23,26
10412,23,26
10413,23,26
10414,23,26
10415,23,26
10416,23,26
10417,23,26
10418,23,26
10419,23,26
10420,23,26
10421,23,26
10422,23,26
10423,23,26
10424,23,26
10425,23,26
10426,23,26
10427,23,26
10428,23,26
10429,23,26
10430,23,26
10431,23,26
10432,23,26
10433,23,26
10434,23,26
10435,23,26
10436,23,26
10437,23,26
10438,23,26
10439,23,26
10440,23,26
10441,23,26
10442,23,26
10443,23,26
10444,23,26
10445,23,26
10446,23,26
10447,23,26
10448,23,26
10449,23,26
10450,23,26
10451,23,26
10452,23,26
10453,23,26
10454,23,26
10455,23,26
10456,23,26
10457,23,26
10458,23,26
10459,23,26
10460,23,26
10461,23,26
10462,23,26
10463,23,26
10464,23,26
10465,23,26
10466,23,26
10467,23,26
10468,23,26
10469,23,26
10470,23,26
10471,23,26
10472,23,26
10473,23,26
10474,23,26
10475,23,26
10476,23,26
10477,23,26
10478,23,26
10479,23,26
10480,23,26
10481,23,26
10482,23,26
10483,23,26
10484,23,26
10485,23,26
10486,23,26
10487,23,26
10488,23,26
10489,23,26
10490,23,26
10491,23,26
10492,23,26
10493,23,26
10494,23,26
10495,23,26
10496,23,26
10497,23,26
10498,23,26
10499,23,26
10500,23,26
10501,23,26
10502,23,26
10503,23,26
10504,23,26
10505,23,26
10506,23,26
10507,23,26
10508,23,26
10509,23,26
10510,23,26
10511,23,26
10512,23,26
10513,23,26
10514,23,26
10515,23,26
10516,23,26
10517,23,26
10518,23,26
10519,23,26
10520,23,26
10521,23,26
10522,23,26
10523,23,26
10524,23,26
10525,23,26
10526,23,26
10527,23,26
10528,23,26
10529,23,26
10530,23,26
10531,23,26
10532,23,26
10533,23,26
10534,23,26
10535,23,26
10536,23,26
10537,23,26
10538,23,26
10539,23,26
10540,23,26
10541,23,26
10542,23,26
10543,23,26
10544,23,26
10545,23,26
10546,23,26
10547,23,26
10548,23,26
10549,23,26
10550,23,26
10551,23,26
10552,23,26
10553,23,26
10554,23,26
10555,23,26
10556,23,26
10557,23,26
10558,23,26
10559,23,26
10560,23,26
10561,23,26
10562,23,26
10563,23,26
10564,23,26
10565,23,26
10566,23,26
10567,23,26
10568,23,26
10569,23,26
10570,23,26
10571,23,26
10572,23,26
10573,23,26
10574,23,26
10575,23,26
10576,23,26
10577,23,26
10578,23,26
10579,23,26
10580,23,26
10581,23,26
10582,23,26
10583,23,26
10584,23,26
10585,23,26
10586,23,26
10587,23,26
10588,23,26
10589,23,26
10590,23,26
10591,23,26
10592,23,26
10593,23,26
10594,23,26
10595,23,26
10596,23,26
10597,23,26
10598,23,26
10599,23,26
10600,23,26
10601,23,26
10602,23,26
10603,23,26
10604,23,26
10605,23,26
10606,23,26
10607,23,26
10608,23,26
10609,23,26
10610,23,26
10611,23,26
10612,23,26
10613,23,26
10614,23,26
10615,23,26
10616,23,26
10617,23,26
10618,23,26
10619,23,26
10620,23,26
10621,23,26
10622,23,26
10623,23,26
10624,23,26
10625,23,26
10626,23,26
10627,23,26
10628,23,26
10629,23,26
10630,23,26
10631,23,26
10632,23,26
10633,23,26
10634,23,26
10635,23,26
10636,23,26
10637,23,26
10638,23,26
10639,23,26
10640,23,26
10641,23,26
10642,23,26
10643,23,26
10644,23,26
10645,23,26
10646,23,26
10647,23,26
10648,23,26
10649,23,26
10650,23,26
10651,23,26
10652,23,26
10653,23,26
10654,23,26
10655,23,26
10656,23,26
10657,23,26
10658,23,26
10659,23,26
10660,23,26
10661,23,26
10662,23,26
10663,23,26
10664,23,26
10665,23,26
10666,23,26
10667,23,26
10668,23,26
10669,23,26
10670,23,26
10671,23,26
10672,23,26
10673,23,26
10674,23,26
10675,23,26
10676,23,26
10677,23,26
10678,23,26
10679,23,26
10680,23,26
10681,23,26
10682,23,26
10683,23,26
10684,23,26
10685,23,26
10686,23,26
10687,23,26
10688,23,26
10689,23,26
10690,23,26
10691,23,26
10692,23,26
10693,23,26
10694,23,26
10695,23,26
10696,23,26
10697,23,26
10698,23,26
10699,23,26
10700,23,26
10701,23,26
10702,23,26
10703,23,26
10704,23,26
10705,23,26
10706,23,26
10707,23,26
10708,23,26
10709,23,26
10710,23,26
10711,23,26
10712,23,26
10713,23,26
10714,23,26
10715,23,26
10716,23,26
10717,23,26
10718,23,26
10719,23,26
10720,23,26
10721,23,26
10722,23,26
10723,23,26
10724,23,26
10725,23,26
10726,23,26
10727,23,26
10728,23,26
10729,23,26
10730,23,26
10731,23,26
10732,23,26
10733,23,26
10734,23,26
10735,23,26
10736,23,26
10737,23,26
10738,23,26
10739,23,26
10740,23,26
10741,23,26
10742,23,26
10743,23,26
10744,23,26
10745,23,26
10746,23,26
10747,23,26
10748,23,26
10749,23,26
10750,23,26
10751,23,26
10752,23,26
10753,23,26
10754,23,26
10755,23,26
10756,23,26
10757,23,26
10758,23,26
10759,23,26
10760,23,26
10761,23,26
10762,23,26
10763,23,26
10764,23,26
10765,23,26
10766,23,26
10767,23,26
10768,23,26
10769,23,26
10770,23,26
10771,23,26
10772,23,26
10773,23,26
10774,23,26
10775,23,26
10776,23,26
10777,23,26
10778,23,26
10779,23,26
10780,23,26
10781,23,26
10782,23,26
10783,23,26
10784,23,26
10785,23,26
10786,23,26
10787,23,26
10788,23,26
10789,23,26
10790,23,26
10791,23,26
10792,23,26
10793,23,26
10794,23,26
10795,23,26
10796,23,26
10797,23,26
10798,23,26
10799,23,26
10800,23,26
10801,23,26
10802,23,26
10803,23,26
10804,23,26
10805,23,26
10806,23,26
10807,23,26
10808,23,26
10809,23,26
10810,23,26
10811,23,26
10812,23,26
10813,23,26
10814,23,26
10815,23,26
10816,23,26
10817,23,26
10818,23,26
10819,23,26
10820,23,26
10821,23,26
10822,23,26
10823,23,26
10824,23,26
10825,23,26
10826,23,26
10827,23,26
10828,23,26
10829,23,26
10830,23,26
10831,23,26
10832,23,26
10833,23,26
10834,23,26
10835,23,26
10836,23,26
10837,23,26
10838,23,26
10839,23,26
10840,23,26
10841,23,26
10842,23,26
10843,23,26
10844,23,26
10845,23,26
10846,23,26
10847,23,26
10848,23,26
10849,23,26
10850,23,26
10851,23,26
10852,23,26
10853,23,26
10854,23,26
10855,23,26
10856,23,26
10857,23,26
10858,23,26
10859,23,26
10860,23,26
10861,23,26
10862,23,26
10863,23,26
10864,23,26
10865,23,26
10866,23,26
10867,23,26
10868,23,26
10869,23,26
10870,23,26
10871,23,26
10872,23,26
10873,23,26
10874,23,26
10875,23,26
10876,23,26
10877,23,26
10878,23,26
10879,23,26
10880,23,26
10881,23,26
10882,23,26
10883,23,26
10884,23,26
10885,23,26
10886,23,26
10887,23,26
10888,23,26
10889,23,26
10890,23,26
10891,23,26
10892,23,26
10893,23,26
10894,23,26
10895,23,26
10896,23,26
10897,23,26
10898,23,26
10899,23,26
10900,23,26
10901,23,26
10902,23,26
10903,23,26
10904,23,26
10905,23,26
10906,23,26
10907,23,26
10908,23,26
10909,23,26
10910,23,26
10911,23,26
10912,23,26
10913,23,26
10914,23,26
10915,23,26
10916,23,26
10917,23,26
10918,23,26
10919,23,26
10920,23,26
10921,23,26
10922,23,26
10923,23,26
10924,23,26
10925,23,26
10926,23,26
10927,23,26
10928,23,26
10929,23,26
10930,23,26
10931,23,26
10932,23,26
10933,23,26
10934,23,26
10935,23,26
10936,23,26
10937,23,26
10938,23,26
10939,23,26
10940,23,26
10941,23,26
10942,23,26
10943,23,26
10944,23,26
10945,23,26
10946,23,26
10947,23,26
10948,23,26
10949,23,26
10950,23,26
10951,23,26
10952,23,26
10953,23,26
10954,23,26
10955,23,26
10956,23,26
10957,23,26
10958,23,26
10959,23,26
10960,23,26
10961,23,26
10962,23,26
10963,23,26
10964,23,26
10965,23,26
10966,23,26
10967,23,26
10968,23,26
10969,23,26
10970,23,26
10971,23,26
10972,23,26
10973,23,26
10974,23,26
10975,23,26
10976,23,26
10977,23,26
10978,23,26
10979,23,26
10980,23,26
10981,23,26
10982,23,26
10983,23,26
10984,23,26
10985,23,26
10986,23,26
10987,23,26
10988,23,26
10989,23,26
10990,23,26
10991,23,26
10992,23,26
10993,23,26
10994,23,26
10995,23,26
10996,23,26
10997,23,26
10998,23,26
10999,23,26
11000,23,26
11001,23,26
11002,23,26
11003,23,26
11004,23,26
11005,23,26
11006,23,26
11007,23,26
11008,23,26
11009,23,26
11010,23,26
11011,23,26
11012,23,26
11013,23,26
11014,23,26
11015,23,26
11016,23,26
11017,23,26
11018,23,26
11019,23,26
11020,23,26
11021,23,26
11022,23,26
11023,23,26
11024,23,26
11025,23,26
11026,23,26
11027,23,26
11028,23,26
11029,23,26
11030,23,26
11031,23,26
11032,23,26
11033,23,26
11034,23,26
11035,23,26
11036,23,26
11037,23,26
11038,23,26
11039,23,26
11040,23,26
11041,23,26
11042,23,26
11043,23,26
11044,23,26
11045,23,26
11046,23,26
11047,23,26
11048,23,26
11049,23,26
11050,23,26
11051,23,26
11052,23,26
11053,23,26
11054,23,26
11055,23,26
11056,23,26
11057,23,26
11058,23,26
11059,23,26
11060,23,26
11061,23,26
11062,23,26
11063,23,26
11064,23,26
11065,23,26
11066,23,26
11067,23,26
11068,23,26
11069,23,26
11070,23,26
11071,23,26
11072,23,26
11073,23,26
11074,23,26
11075,23,26
11076,23,26
11077,23,26
11078,23,26
11079,23,26
11080,23,26
11081,23,26
11082,23,26
11083,23,26
11084,23,26
11085,23,26
11086,23,26
11087,23,26
11088,23,26
11089,23,26
11090,23,26
11091,23,26
11092,23,26
11093,23,26
11094,23,26
11095,23,26
11096,23,26
11097,23,26
11098,23,26
11099,23,26
11100,23,26
11101,23,26
11102,23,26
11103,23,26
11104,23,26
11105,23,26
11106,23,26
11107,23,26
11108,23,26
11109,23,26
11110,23,26
11111,23,26
11112,23,26
11113,23,26
11114,23,26
11115,23,26
11116,23,26
11117,23,26
11118,23,26
11119,23,26
11120,23,26
11121,23,26
11122,23,26
11123,23,26
11124,23,26
11125,23,26
11126,23,26
11127,23,26
11128,23,26
11129,23,26
11130,23,26
11131,23,26
11132,23,26
11133,23,26
11134,23,26
11135,23,26
11136,23,26
11137,23,26
11138,23,26
11139,23,26
11140,23,26
11141,23,26
11142,23,26
11143,23,26
11144,23,26
11145,23,26
11146,23,26
11147,23,26
11148,23,26
11149,23,26
11150,23,26
11151,23,26
11152,23,26
11153,23,26
11154,23,26
11155,23,26
11156,23,26
11157,23,26
11158,23,26
11159,23,26
11160,23,26
11161,23,26
11162,23,26
11163,23,26
11164,23,26
11165,23,26
11166,23,26
11167,23,26
11168,23,26
11169,23,26
11170,23,26
11171,23,26
11172,23,26
11173,23,26
11174,23,26
11175,23,26
11176,23,26
11177,23,26
11178,23,26
11179,23,26
11180,23,26
11181,23,26
11182,23,26
11183,23,26
11184,23,26
11185,23,26
11186,23,26
11187,23,26
11188,23,26
11189,23,26
11190,23,26
11191,23,26
11192,23,26
11193,23,26
11194,23,26
11195,23,26
11196,23,26
11197,23,26
11198,23,26
11199,23,26
11200,23,26
11201,23,26
11202,23,26
11203,23,26
11204,23,26
11205,23,26
11206,23,26
11207,23,26
11208,23,26
11209,23,26
11210,23,26
11211,23,26
11212,23,26
11213,23,26
11214,23,26
11215,23,26
11216,23,26
11217,23,26
11218,23,26
11219,23,26
11220,23,26
11221,23,26
11222,23,26
11223,23,26
11224,23,26
11225,23,26
11226,23,26
11227,23,26
11228,23,26
11229,23,26
11230,23,26
11231,23,26
11232,23,26
11233,23,26
11234,23,26
11235,23,26
11236,23,26
11237,23,26
11238,23,26
11239,23,26
11240,23,26
11241,23,26
11242,23,26
11243,23,26
11244,23,26
11245,23,26
11246,23,26
11247,23,26
11248,23,26
11249,23,26
11250,23,26
11251,23,26
11252,23,26
11253,23,26
11254,23,26
11255,23,26
11256,23,26
11257,23,26
11258,23,26
11259,23,26
11260,23,26
11261,23,26
11262,23,26
11263,23,26
11264,23,26
11265,23,26
11266,23,26
11267,23,26
11268,23,26
11269,23,26
11270,23,26
11271,23,26
11272,23,26
11273,23,26
11274,23,26
11275,23,26
11276,23,26
11277,23,26
11278,23,26
11279,23,26
11280,23,26
11281,23,26
11282,23,26
11283,23,26
11284,23,26
11285,23,26
11286,23,26
11287,23,26
11288,23,26
11289,23,26
11290,23,26
11291,23,26
11292,23,26
11293,23,26
11294,23,26
11295,23,26
11296,23,26
11297,23,26
11298,23,26
11299,23,26
11300,23,26
11301,23,26
11302,23,26
11303,23,26
11304,23,26
11305,23,26
11306,23,26
11307,23,26
11308,23,26
11309,23,26
11310,23,26
11311,23,26
11312,23,26
11313,23,26
11314,23,26
11315,23,26
11316,23,26
11317,23,26
11318,23,26
11319,23,26
11320,23,26
11321,23,26
11322,23,26
11323,23,26
11324,23,26
11325,23,26
11326,23,26
11327,23,26
11328,23,26
11329,23,26
11330,23,26
11331,23,26
11332,23,26
11333,23,26
11334,23,26
11335,23,26
11336,23,26
11337,23,26
11338,23,26
11339,23,26
11340,23,26
11341,23,26
11342,23,26
11343,23,26
11344,23,26
11345,23,26
11346,23,26
11347,23,26
11348,23,26
11349,23,26
11350,23,26
11351,23,26
11352,23,26
11353,23,26
11354,23,26
11355,23,26
11356,23,26
11357,23,26
11358,23,26
11359,23,26
11360,23,26
11361,23,26
11362,23,26
11363,23,26
11364,23,26
11365,23,26
11366,23,26
11367,23,26
11368,23,26
11369,23,26
11370,23,26
11371,23,26
11372,23,26
11373,23,26
11374,23,26
11375,23,26
11376,23,26
11377,23,26
11378,23,26
11379,23,26
11380,23,26
11381,23,26
11382,23,26
11383,23,26
11384,23,26
11385,23,26
11386,23,26
11387,23,26
11388,23,26
11389,23,26
11390,23,26
11391,23,26
11392,23,26
11393,23,26
11394,23,26
11395,23,26
11396,23,26
11397,23,26
11398,23,26
11399,23,26
11400,23,26
11401,23,26
11402,23,26
11403,23,26
11404,23,26
11405,23,26
11406,23,26
11407,23,26
11408,23,26
11409,23,26
11410,23,26
11411,23,26
11412,23,26
11413,23,26
11414,23,26
11415,23,26
11416,23,26
11417,23,26
11418,23,26
11419,23,26
11420,23,26
11421,23,26
11422,23,26
11423,23,26
11424,23,26
11425,23,26
11426,23,26
11427,23,26
11428,23,26
11429,23,26
11430,23,26
11431,23,26
11432,23,26
11433,23,26
11434,23,26
11435,23,26
11436,23,26
11437,23,26
11438,23,26
11439,23,26
11440,23,26
11441,23,26
11442,23,26
11443,23,26
11444,23,26
11445,23,26
11446,23,26
11447,23,26
11448,23,26
11449,23,26
11450,23,26
11451,23,26
11452,23,26
11453,23,26
11454,23,26
11455,23,26
11456,23,26
11457,23,26
11458,23,26
11459,23,26
11460,23,26
11461,23,26
11462,23,26
11463,23,26
11464,23,26
11465,23,26
11466,23,26
11467,23,26
11468,23,26
11469,23,26
11470,23,26
11471,23,26
11472,23,26
11473,23,26
11474,23,26
11475,23,26
11476,23,26
11477,23,26
11478,23,26
11479,23,26
11480,23,26
11481,23,26
11482,23,26
11483,23,26
11484,23,26
11485,23,26
11486,23,26
11487,23,26
11488,23,26
11489,23,26
11490,23,26
11491,23,26
11492,23,26
11493,23,26
11494,23,26
11495,23,26
11496,23,26
11497,23,26
11498,23,26
11499,23,26
11500,23,26
11501,23,26
11502,23,26
11503,23,26
11504,23,26
11505,23,26
11506,23,26
11507,23,26
11508,23,26
11509,23,26
11510,23,26
11511,23,26
11512,23,26
11513,23,26
11514,23,26
11515,23,26
11516,23,26
11517,23,26
11518,23,26
11519,23,26
11520,23,26
11521,23,26
11522,23,26
11523,23,26
11524,23,26
11525,23,26
11526,23,26
11527,23,26
11528,23,26
11529,23,26
11530,23,26
11531,23,26
11532,23,26
11533,23,26
11534,23,26
11535,23,26
11536,23,26
11537,23,26
11538,23,26
11539,23,26
11540,23,26
11541,23,26
11542,23,26
11543,23,26
11544,23,26
11545,23,26
11546,23,26
11547,23,26
11548,23,26
11549,23,26
11550,23,26
11551,23,26
11552,23,26
11553,23,26
11554,23,26
11555,23,26
11556,23,26
11557,23,26
11558,23,26
11559,23,26
11560,23,26
11561,23,26
11562,23,26
11563,23,26
11564,23,26
11565,23,26
11566,23,26
11567,23,26
11568,23,26
11569,23,26
11570,23,26
11571,23,26
11572,23,26
11573,23,26
11574,23,26
11575,23,26
11576,23,26
11577,23,26
11578,23,26
11579,23,26
11580,23,26
11581,23,26
11582,23,26
11583,23,26
11584,23,26
11585,23,26
11586,23,26
11587,23,26
11588,23,26
11589,23,26
11590,23,26
11591,23,26
11592,23,26
11593,23,26
11594,23,26
11595,23,26
11596,23,26
11597,23,26
11598,23,26
11599,23,26
11600,23,26
11601,23,26
11602,23,26
11603,23,26
11604,23,26
11605,23,26
11606,23,26
11607,23,26
11608,23,26
11609,23,26
11610,23,26
11611,23,26
11612,23,26
11613,23,26
11614,23,26
11615,23,26
11616,23,26
11617,23,26
11618,23,26
11619,23,26
11620,23,26
11621,23,26
11622,23,26
11623,23,26
11624,23,26
11625,23,26
11626,23,26
11627,23,26
11628,23,26
11629,23,26
11630,23,26
11631,23,26
11632,23,26
11633,23,26
11634,23,26
11635,23,27
11636,23,27
11637,23,27
11638,23,27
11639,23,27
11640,23,27
11641,23,27
11642,23,27
11643,23,27
11644,23,27
11645,23,27
11646,23,27
11647,23,27
11648,23,27
11649,23,27
11650,23,27
11651,23,27
11652,23,27
11653,23,27
11654,23,27
11655,23,27
11656,23,27
11657,23,27
11658,23,27
11659,23,27
11660,23,27
11661,23,27
11662,23,27
11663,23,27
11664,23,27
11665,23,27
11666,23,27
11667,23,27
11668,23,27
11669,23,27
11670,23,27
11671,23,27
11672,23,27
11673,23,27
11674,23,27
11675,23,27
11676,23,27
11677,23,27
11678,23,27
11679,23,27
11680,23,27
11681,23,27
11682,23,27
11683,23,27
11684,23,27
11685,23,27
11686,23,27
11687,23,27
11688,23,27
11689,23,27
11690,23,27
11691,23,27
11692,23,27
11693,23,27
11694,23,27
11695,23,27
11696,23,27
11697,23,27
11698,23,27
11699,23,27
11700,23,27
11701,23,27
11702,23,27
11703,23,27
11704,23,27
11705,23,27
11706,23,27
11707,23,27
11708,23,27
11709,23,27
11710,23,27
11711,23,27
11712,23,27
11713,23,27
11714,23,27
11715,23,27
11716,23,27
11717,23,27
11718,23,27
11719,23,27
11720,23,27
11721,23,27
11722,23,27
11723,23,27
11724,23,27
11725,23,27
11726,23,27
11727,23,27
11728,23,27
11729,23,27
11730,23,27
11731,23,27
11732,23,27
11733,23,27
11734,23,27
11735,23,27
11736,23,27
11737,23,27
11738,23,27
11739,23,27
11740,23,27
11741,23,27
11742,23,27
11743,23,27
11744,23,27
11745,23,27
11746,23,27
11747,23,27
11748,23,27
11749,23,27
11750,23,27
11751,23,27
11752,23,27
11753,23,27
11754,23,27
11755,23,27
11756,23,27
11757,23,27
11758,23,27
11759,23,27
11760,23,27
11761,23,27
11762,23,27
11763,23,27
11764,23,27
11765,23,27
11766,23,27
11767,23,27
11768,23,27
11769,23,27
11770,23,27
11771,23,27
11772,23,27
11773,23,27
11774,23,27
11775,23,27
11776,23,27
11777,23,27
11778,23,27
11779,23,27
11780,23,27
11781,23,27
11782,23,27
11783,23,27
11784,23,27
11785,23,27
11786,23,27
11787,23,27
11788,23,27
11789,23,27
11790,23,27
11791,23,27
11792,23,27
11793,23,27
11794,23,27
11795,23,27
11796,23,27
11797,23,27
11798,23,27
11799,23,27
11800,23,27
11801,23,27
11802,23,27
11803,23,27
11804,23,27
11805,23,27
11806,23,27
11807,23,27
11808,23,27
11809,23,27
11810,23,27
11811,23,27
11812,23,27
11813,23,27
11814,23,27
11815,23,27
11816,23,27
11817,23,27
11818,23,27
11819,23,27
11820,23,27
11821,23,27
11822,23,27
11823,23,27
11824,23,27
11825,23,27
11826,23,27
11827,23,27
11828,23,27
11829,23,27
11830,23,27
11831,23,27
11832,23,27
11833,23,27
11834,23,27
11835,23,27
11836,23,27
11837,23,27
11838,23,27
11839,23,27
11840,23,27
11841,23,27
11842,23,27
11843,23,27
11844,23,27
11845,23,27
11846,23,27
11847,23,27
11848,23,27
11849,23,27
11850,23,27
11851,23,27
11852,23,27
11853,23,27
11854,23,27
11855,23,27
11856,23,27
11857,23,27
11858,23,27
11859,23,27
11860,23,27
11861,23,27
11862,23,27
11863,23,27
11864,23,27
11865,23,27
11866,23,27
11867,23,27
11868,23,27
11869,23,27
11870,23,27
11871,23,27
11872,23,27
11873,23,27
11874,23,27
11875,23,27
11876,23,27
11877,23,27
11878,23,27
11879,23,27
11880,23,27
11881,23,27
11882,23,27
11883,23,27
11884,23,27
11885,23,27
11886,23,27
11887,23,27
11888,23,27
11889,23,27
11890,23,27
11891,23,27
11892,23,27
11893,23,27
11894,23,27
11895,23,27
11896,23,27
11897,23,27
11898,23,27
11899,23,27
11900,23,27
11901,23,27
11902,23,27
11903,23,27
11904,23,27
11905,23,27
11906,23,27
11907,23,27
11908,23,27
11909,23,27
11910,23,27
11911,23,27
11912,23,27
11913,23,27
11914,23,27
11915,23,27
11916,23,27
11917,23,27
11918,23,27
11919,23,27
11920,23,27
11921,23,27
11922,23,27
11923,23,27
11924,23,27
11925,23,27
11926,23,27
11927,23,27
11928,23,27
11929,23,27
11930,23,27
11931,23,27
11932,23,27
11933,23,27
11934,23,27
11935,23,27
11936,23,27
11937,23,27
11938,23,27
11939,23,27
11940,23,27
11941,23,27
11942,23,27
11943,23,27
11944,23,27
11945,23,27
11946,23,27
11947,23,27
11948,23,27
11949,23,27
11950,23,27
11951,23,27
11952,23,27
11953,23,27
11954,23,27
11955,23,27
11956,23,27
11957,23,27
11958,23,27
11959,23,27
11960,23,27
11961,23,27
11962,23,27
11963,23,27
11964,23,27
11965,23,27
11966,23,27
11967,23,27
11968,23,27
11969,23,27
11970,23,27
11971,23,27
11972,23,27
11973,23,27
11974,23,27
11975,23,27
11976,23,27
11977,23,27
11978,23,27
11979,23,27
11980,23,27
11981,23,27
11982,23,27
11983,23,27
11984,23,27
11985,23,27
11986,23,27
11987,23,27
11988,23,27
11989,23,27
11990,23,27
11991,23,27
11992,23,27
11993,23,27
11994,23,27
11995,23,27
11996,23,27
11997,23,27
11998,23,27
11999,23,27
12000,23,27
12001,23,27
12002,23,27
12003,23,27
12004,23,27
12005,23,27
12006,23,27
12007,23,27
12008,23,27
12009,23,27
12010,23,27
12011,23,27
12012,23,27
12013,23,27
12014,23,27
12015,23,27
12016,23,27
12017,23,27
12018,23,27
12019,23,27
12020,23,27
12021,23,27
12022,23,27
12023,23,27
12024,23,27
12025,23,27
12026,23,27
12027,23,27
12028,23,27
12029,23,27
12030,23,27
12031,23,27
12032,23,27
12033,23,27
12034,23,27
12035,23,27
12036,23,27
12037,23,27
12038,23,27
12039,23,27
12040,23,27
12041,23,27
12042,23,27
12043,23,27
12044,23,27
12045,23,27
12046,23,27
12047,23,27
12048,23,27
12049,23,27
12050,23,27
12051,23,27
12052,23,27
12053,23,27
12054,23,27
12055,23,27
12056,23,27
12057,23,27
12058,23,27
12059,23,27
12060,23,27
12061,23,27
12062,23,27
12063,23,27
12064,23,27
12065,23,27
12066,23,27
12067,23,27
12068,23,27
12069,23,27
12070,23,27
12071,23,27
12072,23,27
12073,23,27
12074,23,27
12075,23,27
12076,23,27
12077,23,27
12078,23,27
12079,23,27
12080,23,27
12081,23,27
12082,23,27
12083,23,27
12084,23,27
12085,23,27
12086,23,27
12087,23,27
12088,23,27
12089,23,27
12090,23,27
12091,23,27
12092,23,27
12093,23,27
12094,23,27
12095,23,27
12096,23,27
12097,23,27
12098,23,27
12099,23,27
12100,23,27
12101,23,27
12102,23,27
12103,23,27
12104,23,27
12105,23,27
12106,23,27
12107,23,27
12108,23,27
12109,23,27
12110,23,27
12111,23,27
12112,23,27
12113,23,27
12114,23,27
12115,23,27
12116,23,27
12117,23,27
12118,23,27
12119,23,27
12120,23,27
12121,23,27
12122,23,27
12123,23,27
12124,23,27
12125,23,27
12126,23,27
12127,23,27
12128,23,27
12129,23,27
12130,23,27
12131,23,27
12132,23,27
12133,23,27
12134,23,27
12135,23,27
12136,23,27
12137,23,27
12138,23,27
12139,23,27
12140,23,27
12141,23,27
12142,23,27
12143,23,27
12144,23,27
12145,23,27
12146,23,27
12147,23,27
12148,23,27
12149,23,27
12150,23,27
12151,23,27
12152,23,27
12153,23,27
12154,23,27
12155,23,27
12156,23,27
12157,23,27
12158,23,27
12159,23,27
12160,23,27
12161,23,27
12162,23,27
12163,23,27
12164,23,27
12165,23,27
12166,23,27
12167,23,27
12168,23,27
12169,23,27
12170,23,27
12171,23,27
12172,23,27
12173,23,27
12174,23,27
12175,23,27
12176,23,27
12177,23,27
12178,23,27
12179,23,27
12180,23,27
12181,23,27
12182,23,27
12183,23,27
12184,23,27
12185,23,27
12186,23,27
12187,23,27
12188,23,27
12189,23,27
12190,23,27
12191,23,27
12192,23,27
12193,23,27
12194,23,27
12195,23,27
12196,23,27
12197,23,27
12198,23,27
12199,23,27
12200,23,27
12201,23,27
12202,23,27
12203,23,27
12204,23,27
12205,23,27
12206,23,27
12207,23,27
12208,23,27
12209,23,27
12210,23,27
12211,23,27
12212,23,27
12213,23,27
12214,23,27
12215,23,27
12216,23,27
12217,23,27
12218,23,27
12219,23,27
12220,23,27
12221,23,27
12222,23,27
12223,23,27
12224,23,27
12225,23,27
12226,23,27
12227,23,27
12228,23,27
12229,23,27
12230,23,27
12231,23,27
12232,23,27
12233,23,27
12234,23,27
12235,23,27
12236,23,27
12237,23,27
12238,23,27
12239,23,27
12240,23,27
12241,23,27
12242,23,27
12243,23,27
12244,23,27
12245,23,27
12246,23,27
12247,23,27
12248,23,27
12249,23,27
12250,23,27
12251,23,27
12252,23,27
12253,23,27
12254,23,27
12255,23,27
12256,23,27
12257,23,27
12258,23,27
12259,23,27
12260,23,27
12261,23,27
12262,23,27
12263,23,27
12264,23,27
12265,23,27
12266,23,27
12267,23,27
12268,23,27
12269,23,27
12270,23,27
12271,23,27
12272,23,27
12273,23,27
12274,23,27
12275,23,27
12276,23,27
12277,23,27
12278,23,27
12279,23,27
12280,23,27
12281,23,27
12282,23,27
12283,23,27
12284,23,27
12285,24,27
12286,24,27
12287,24,27
12288,24,27
12289,24,27
12290,24,27
12291,24,27
12292,24,27
12293,24,27
12294,24,27
12295,24,27
12296,24,27
12297,24,27
12298,24,27
12299,24,27
12300,24,27
12301,24,27
12302,24,27
12303,24,27
12304,24,27
12305,24,27
12306,24,27
12307,24,27
12308,24,27
12309,24,27
12310,24,27
12311,24,27
12312,24,27
12313,24,27
12314,24,27
12315,24,27
12316,24,27
12317,24,27
12318,24,27
12319,24,27
12320,24,27
12321,24,27
12322,24,27
12323,24,27
12324,24,27
12325,24,27
12326,24,27
12327,24,27
12328,24,27
12329,24,27
12330,24,27
12331,24,27
12332,24,27
12333,24,27
12334,24,27
12335,24,27
12336,24,27
12337,24,27
12338,24,27
12339,24,27
12340,24,27
12341,24,27
12342,24,27
12343,24,27
12344,24,27
12345,24,27
12346,24,27
12347,24,27
12348,24,27
12349,24,27
12350,24,27
12351,24,27
12352,24,27
12353,24,27
12354,24,27
12355,24,27
12356,24,27
12357,24,27
12358,24,27
12359,24,27
12360,24,28
12361,24,28
12362,24,28
12363,24,28
12364,24,28
12365,24,28
12366,24,28
12367,24,28
12368,24,28
12369,24,28
12370,24,28
12371,24,28
12372,24,28
12373,24,28
12374,24,28
12375,24,28
12376,24,28
12377,24,28
12378,24,28
12379,24,28
12380,24,28
12381,24,28
12382,24,28
12383,24,28
12384,24,28
12385,24,29
12386,24,29
12387,24,29
12388,24,29
12389,24,29
12390,24,29
12391,24,29
12392,24,29
12393,24,29
12394,24,29
12395,24,29
12396,24,29
12397,24,29
12398,24,29
12399,24,29
12400,24,29
12401,24,29
12402,24,29
12403,24,29
12404,24,29
12405,24,29
12406,24,29
12407,24,29
12408,24,29
12409,24,29
12410,24,29
12411,24,29
12412,24,29
12413,24,29
12414,24,29
12415,24,29
12416,24,29
12417,24,29
12418,24,29
12419,24,29
12420,24,29
12421,24,29
12422,24,29
12423,24,29
12424,24,29
12425,24,29
12426,24,29
12427,24,29
12428,24,29
12429,24,29
12430,24,29
12431,24,29
12432,24,29
12433,24,29
12434,24,29
12435,24,29
12436,24,29
12437,24,29
12438,24,29
12439,24,29
12440,24,29
12441,24,29
12442,24,29
12443,24,29
12444,24,29
12445,24,29
12446,24,29
12447,24,29
12448,24,29
12449,24,29
12450,24,29
12451,24,29
12452,24,29
12453,24,29
12454,24,29
12455,24,29
12456,24,29
12457,24,29
12458,24,29
12459,24,29
12460,24,29
12461,24,29
12462,24,29
12463,24,29
12464,24,29
12465,24,29
12466,24,29
12467,24,29
12468,24,29
12469,24,29
12470,24,29
12471,24,29
12472,24,29
12473,24,29
12474,24,29
12475,24,29
12476,24,29
12477,24,29
12478,24,29
12479,24,29
12480,24,29
12481,24,29
12482,24,29
12483,24,29
12484,24,29
12485,24,29
12486,24,29
12487,24,29
12488,24,29
12489,24,29
12490,24,29
12491,24,29
12492,24,29
12493,24,29
12494,24,29
12495,24,29
12496,24,29
12497,24,29
12498,24,29
12499,24,29
12500,24,29
12501,24,29
12502,24,29
12503,24,29
12504,24,29
12505,24,29
12506,24,29
12507,24,29
12508,24,29
12509,24,29
12510,24,29
12511,24,30
12512,24,30
12513,24,30
12514,24,30
12515,24,30
12516,24,30
12517,24,30
12518,24,30
12519,24,30
12520,24,30
12521,24,30
12522,24,30
12523,24,30
12524,24,30
12525,24,30
12526,24,30
12527,24,30
12528,24,30
12529,24,30
12530,24,30
12531,24,30
12532,24,30
12533,24,30
12534,24,30
12535,24,30
12536,24,30
12537,24,30
12538,24,30
12539,24,30
12540,24,30
12541,24,30
12542,24,30
12543,24,30
12544,24,30
12545,24,30
12546,24,30
12547,24,30
12548,24,30
12549,24,30
12550,24,30
12551,24,30
12552,24,30
12553,24,30
12554,24,30
12555,24,30
12556,24,30
12557,24,30
12558,24,30
12559,24,30
12560,24,30
12561,24,30
12562,24,30
12563,24,30
12564,24,30
12565,24,30
12566,24,30
12567,24,30
12568,24,30
12569,24,30
12570,24,30
12571,24,30
12572,24,30
12573,24,30
12574,24,30
12575,24,30
12576,24,30
12577,24,30
12578,24,30
12579,24,30
12580,24,30
12581,24,30
12582,24,30
12583,24,30
12584,24,30
12585,24,31
12586,24,31
12587,24,31
12588,24,31
12589,24,31
12590,24,31
12591,24,31
12592,24,31
12593,24,31
12594,24,31
12595,24,31
12596,24,31
12597,24,31
12598,24,31
12599,24,31
12600,24,31
12601,24,31
12602,24,31
12603,24,31
12604,24,31
12605,24,31
12606,24,31
12607,24,31
12608,24,31
12609,24,31
12610,24,31
12611,24,31
12612,24,31
12613,24,31
12614,24,31
12615,24,31
12616,24,31
12617,24,31
12618,24,31
12619,24,31
12620,24,31
12621,24,31
12622,24,31
12623,24,31
12624,24,31
12625,24,31
12626,24,31
12627,24,31
12628,24,31
12629,24,31
12630,24,31
12631,24,31
12632,24,31
12633,24,31
12634,24,31
12635,24,31
12636,24,31
12637,24,31
12638,24,31
12639,24,31
12640,24,31
12641,24,31
12642,24,31
12643,24,31
12644,24,31
12645,24,31
12646,24,31
12647,24,31
12648,24,31
12649,24,31
12650,24,31
12651,24,31
12652,24,31
12653,24,31
12654,24,31
12655,24,31
12656,24,31
12657,24,31
12658,24,31
12659,24,31
12660,24,31
12661,24,31
12662,24,31
12663,24,31
12664,24,31
12665,24,31
12666,24,31
12667,24,31
12668,24,31
12669,24,31
12670,24,31
12671,24,31
12672,24,31
12673,24,31
12674,24,31
12675,24,31
12676,24,31
12677,24,31
12678,24,31
12679,24,31
12680,24,31
12681,24,31
12682,24,31
12683,24,31
12684,24,31
12685,24,31
12686,24,31
12687,24,31
12688,24,31
12689,24,31
12690,24,31
12691,24,31
12692,24,31
12693,24,31
12694,24,31
12695,24,31
12696,24,31
12697,24,31
12698,24,31
12699,24,31
12700,24,31
12701,24,31
12702,24,31
12703,24,31
12704,24,31
12705,24,31
12706,24,31
12707,24,31
12708,24,31
12709,24,31
12710,24,31
12711,24,31
12712,24,31
12713,24,31
12714,24,31
12715,24,31
12716,24,31
12717,24,31
12718,24,31
12719,24,31
12720,24,31
12721,24,31
12722,24,31
12723,24,31
12724,24,31
12725,24,31
12726,24,31
12727,24,31
12728,24,31
12729,24,31
12730,24,31
12731,24,31
12732,24,31
12733,24,31
12734,24,31
12735,24,31
12736,24,31
12737,24,31
12738,24,31
12739,24,31
12740,24,31
12741,24,31
12742,24,31
12743,24,31
12744,24,31
12745,24,31
12746,24,31
12747,24,31
12748,24,31
12749,24,31
12750,24,31
12751,24,31
12752,24,31
12753,24,31
12754,24,31
12755,24,31
12756,24,31
12757,24,31
12758,24,31
12759,24,31
12760,24,31
12761,24,31
12762,24,31
12763,24,31
12764,24,31
12765,24,32
12766,24,32
12767,24,32
12768,24,32
12769,24,32
12770,24,32
12771,24,32
12772,24,32
12773,24,32
12774,24,32
12775,24,32
12776,24,32
12777,24,32
12778,24,32
12779,24,32
12780,24,32
12781,24,32
12782,24,32
12783,24,32
12784,24,32
12785,24,32
12786,24,32
12787,24,32
12788,24,32
12789,24,32
12790,24,32
12791,24,32
12792,24,32
12793,24,32
12794,24,32
12795,24,32
12796,24,32
12797,24,32
12798,24,32
12799,24,32
12800,24,32
12801,24,32
12802,24,32
12803,24,32
12804,24,32
12805,24,32
12806,24,32
12807,24,32
12808,24,32
12809,24,32
12810,24,32
12811,24,32
12812,24,32
12813,24,32
12814,24,32
12815,24,32
12816,24,32
12817,24,32
12818,24,32
12819,24,32
12820,24,32
12821,24,32
12822,24,32
12823,24,32
12824,24,32
12825,24,32
12826,24,32
12827,24,32
12828,24,32
12829,24,32
12830,24,32
12831,24,32
12832,24,32
12833,24,32
12834,24,32
12835,24,32
12836,24,32
12837,24,32
12838,24,32
12839,24,32
12840,24,32
12841,24,32
12842,24,32
12843,24,32
12844,24,32
12845,24,32
12846,24,32
12847,24,32
12848,24,32
12849,24,32
12850,24,32
12851,24,32
12852,24,32
12853,24,32
12854,24,32
12855,24,32
12856,24,32
12857,24,32
12858,24,32
12859,24,32
12860,24,32
12861,24,32
12862,24,32
12863,24,32
12864,24,32
12865,24,32
12866,24,32
12867,24,32
12868,24,32
12869,24,32
12870,24,32
12871,24,32
12872,24,32
12873,24,32
12874,24,32
12875,24,32
12876,24,32
12877,24,32
12878,24,32
12879,24,32
12880,24,32
12881,24,32
12882,24,32
12883,24,32
12884,24,32
12885,24,32
12886,24,32
12887,24,32
12888,24,32
12889,24,32
12890,24,32
12891,24,32
12892,24,32
12893,24,32
12894,24,32
12895,24,32
12896,24,32
12897,24,32
12898,24,32
12899,24,32
12900,24,32
12901,24,32
12902,24,32
12903,24,32
12904,24,32
12905,24,32
12906,24,32
12907,24,32
12908,24,32
12909,24,32
12910,24,32
12911,24,32
12912,24,32
12913,24,32
12914,24,32
12915,24,32
12916,24,32
12917,24,32
12918,24,32
12919,24,32
12920,24,32
12921,24,32
12922,24,32
12923,24,32
12924,24,32
12925,24,32
12926,24,32
12927,24,32
12928,24,32
12929,24,32
12930,24,32
12931,24,32
12932,24,32
12933,24,32
12934,24,32
12935,24,32
12936,24,32
12937,24,32
12938,24,32
12939,24,32
12940,24,32
12941,24,32
12942,24,32
12943,24,32
12944,24,32
12945,24,32
12946,24,32
12947,24,32
12948,24,32
12949,24,32
12950,24,32
12951,24,32
12952,24,32
12953,24,32
12954,24,32
12955,24,32
12956,24,32
12957,24,32
12958,24,32
12959,24,32
12960,24,32
12961,24,32
12962,24,32
12963,24,32
12964,24,32
12965,24,32
12966,24,32
12967,24,32
12968,24,32
12969,24,32
12970,24,32
12971,24,32
12972,24,32
12973,24,32
12974,24,32
12975,24,32
12976,24,32
12977,24,32
12978,24,32
12979,24,32
12980,24,32
12981,24,32
12982,24,32
12983,24,32
12984,24,32
12985,24,32
12986,24,32
12987,24,32
12988,24,32
12989,24,32
12990,24,32
12991,24,32
12992,24,32
12993,24,32
12994,24,32
12995,24,32
12996,24,32
12997,24,32
12998,24,32
12999,24,32
13000,24,32
13001,24,32
13002,24,32
13003,24,32
13004,24,32
13005,24,32
13006,24,32
13007,24,32
13008,24,32
13009,24,32
13010,24,32
13011,24,32
13012,24,32
13013,24,32
13014,24,32
13015,24,32
13016,24,32
13017,24,32
13018,24,32
13019,24,32
13020,24,32
13021,24,32
13022,24,32
13023,24,32
13024,24,32
13025,24,32
13026,24,32
13027,24,32
13028,24,32
13029,24,32
13030,24,32
13031,24,32
13032,24,32
13033,24,32
13034,24,32
13035,24,32
13036,24,32
13037,24,32
13038,24,32
13039,24,32
13040,24,32
13041,24,32
13042,24,32
13043,24,32
13044,24,32
13045,24,32
13046,24,32
13047,24,32
13048,24,32
13049,24,32
13050,24,32
13051,24,32
13052,24,32
13053,24,32
13054,24,32
13055,24,32
13056,24,32
13057,24,32
13058,24,32
13059,24,32
13060,24,32
13061,24,32
13062,24,32
13063,24,32
13064,24,32
13065,24,32
13066,24,32
13067,24,32
13068,24,32
13069,24,32
13070,24,32
13071,24,32
13072,24,32
13073,24,32
13074,24,32
13075,24,32
13076,24,32
13077,24,32
13078,24,32
13079,24,32
13080,24,32
13081,24,32
13082,24,32
13083,24,32
13084,24,32
13085,24,32
13086,24,32
13087,24,32
13088,24,32
13089,24,32
13090,24,32
13091,24,32
13092,24,32
13093,24,32
13094,24,32
13095,24,32
13096,24,32
13097,24,32
13098,24,32
13099,24,32
13100,24,32
13101,24,32
13102,24,32
13103,24,32
13104,24,32
13105,24,32
13106,24,32
13107,24,32
13108,24,32
13109,24,32
13110,24,32
13111,24,32
13112,24,32
13113,24,32
13114,24,32
13115,24,32
13116,24,32
13117,24,32
13118,24,32
13119,24,32
13120,24,32
13121,24,32
13122,24,32
13123,24,32
13124,24,32
13125,24,32
13126,24,32
13127,24,32
13128,24,32
13129,24,32
13130,24,32
13131,24,32
13132,24,32
13133,24,32
13134,24,32
13135,24,32
13136,24,32
13137,24,32
13138,24,32
13139,24,32
13140,24,32
13141,24,32
13142,24,32
13143,24,32
13144,24,32
13145,24,32
13146,24,32
13147,24,32
13148,24,32
13149,24,32
13150,24,32
13151,24,32
13152,24,32
13153,24,32
13154,24,32
13155,24,32
13156,24,32
13157,24,32
13158,24,32
13159,24,32
13160,24,32
13161,24,32
13162,24,32
13163,24,32
13164,24,32
13165,24,32
13166,24,32
13167,24,32
13168,24,32
13169,24,32
13170,24,32
13171,24,32
13172,24,32
13173,24,32
13174,24,32
13175,24,32
13176,24,32
13177,24,32
13178,24,32
13179,24,32
13180,24,32
13181,24,32
13182,24,32
13183,24,32
13184,24,32
13185,24,32
13186,24,32
13187,24,32
13188,24,32
13189,24,32
13190,24,32
13191,24,32
13192,24,32
13193,24,32
13194,24,32
13195,24,32
13196,24,32
13197,24,32
13198,24,32
13199,24,32
13200,24,32
13201,24,32
13202,24,32
13203,24,32
13204,24,32
13205,24,32
13206,24,32
13207,24,32
13208,24,32
13209,24,32
13210,24,32
13211,24,32
13212,24,32
13213,24,32
13214,24,32
13215,24,32
13216,24,32
13217,24,32
13218,24,32
13219,24,32
13220,24,32
13221,24,32
13222,24,32
13223,24,32
13224,24,32
13225,24,32
13226,24,32
13227,24,32
13228,24,32
13229,24,32
13230,24,32
13231,24,32
13232,24,32
13233,24,32
13234,24,32
13235,24,32
13236,24,32
13237,24,32
13238,24,32
13239,24,32
13240,24,32
13241,24,32
13242,24,32
13243,24,32
13244,24,32
13245,24,32
13246,24,32
13247,24,32
13248,24,32
13249,24,32
13250,24,32
13251,24,32
13252,24,32
13253,24,32
13254,24,32
13255,24,32
13256,24,33
13257,24,33
13258,24,33
13259,24,33
13260,24,33
13261,24,33
13262,24,33
13263,24,33
13264,24,33
13265,24,33
13266,24,33
13267,24,33
13268,24,33
13269,24,33
13270,24,33
13271,24,33
13272,24,33
13273,24,33
13274,24,33
13275,24,33
13276,24,33
13277,24,33
13278,24,33
13279,24,33
13280,24,33
13281,24,33
13282,24,33
13283,24,33
13284,24,33
13285,24,33
13286,24,33
13287,24,33
13288,24,33
13289,24,33
13290,24,33
13291,24,33
13292,24,33
13293,24,33
13294,24,33
13295,24,33
13296,24,33
13297,24,33
13298,24,33
13299,24,33
13300,24,33
13301,24,33
13302,24,33
13303,24,33
13304,24,33
13305,24,33
13306,24,33
13307,24,33
13308,24,33
13309,24,33
13310,24,33
13311,24,33
13312,24,33
13313,24,33
13314,24,33
13315,24,33
13316,24,33
13317,24,33
13318,24,33
13319,24,33
13320,24,33
13321,24,33
13322,24,33
13323,24,33
13324,24,33
13325,24,33
13326,24,33
13327,24,33
13328,24,33
13329,24,33
13330,24,33
13331,24,33
13332,24,33
13333,24,33
13334,24,33
13335,24,33
13336,24,33
13337,24,33
13338,24,33
13339,24,33
13340,24,33
13341,24,33
13342,24,33
13343,24,33
13344,24,33
13345,24,33
13346,24,33
13347,24,33
13348,24,33
13349,24,33
13350,24,33
13351,24,33
13352,24,33
13353,24,33
13354,24,33
13355,24,33
13356,24,33
13357,24,33
13358,24,33
13359,24,33
13360,24,33
13361,24,33
13362,24,33
13363,24,33
13364,24,33
13365,24,33
13366,24,33
13367,24,33
13368,24,33
13369,24,33
13370,24,33
13371,24,33
13372,24,33
13373,24,33
13374,24,33
13375,24,33
13376,24,33
13377,24,33
13378,24,33
13379,24,33
13380,24,33
13381,24,33
13382,24,33
13383,24,33
13384,24,33
13385,24,33
13386,24,33
13387,24,33
13388,24,33
13389,24,33
13390,24,33
13391,24,33
13392,24,33
13393,24,33
13394,24,33
13395,24,33
13396,24,33
13397,24,33
13398,24,33
13399,24,33
13400,24,33
13401,24,33
13402,24,33
13403,24,33
13404,24,33
13405,24,33
13406,24,33
13407,24,33
13408,24,33
13409,24,33
13410,24,33
13411,24,33
13412,24,33
13413,24,33
13414,24,33
13415,24,33
13416,24,33
13417,24,33
13418,24,33
13419,24,33
13420,24,33
13421,24,33
13422,24,33
13423,24,33
13424,24,33
13425,24,33
13426,24,33
13427,24,33
13428,24,33
13429,24,33
13430,24,33
13431,24,33
13432,24,33
13433,24,33
13434,24,33
13435,24,33
13436,24,33
13437,24,33
13438,24,33
13439,24,33
13440,24,33
13441,24,33
13442,24,33
13443,24,33
13444,24,33
13445,24,33
13446,24,33
13447,24,33
13448,24,33
13449,24,33
13450,24,33
13451,24,33
13452,24,33
13453,24,33
13454,24,33
13455,24,33
13456,24,33
13457,24,33
13458,24,33
13459,24,33
13460,24,33
13461,24,33
13462,24,33
13463,24,33
13464,24,33
13465,24,33
13466,24,33
13467,24,33
13468,24,33
13469,24,33
13470,24,33
13471,24,33
13472,24,33
13473,24,33
13474,24,33
13475,24,33
13476,24,33
13477,24,33
13478,24,33
13479,24,33
13480,24,33
13481,24,33
13482,24,33
13483,24,33
13484,24,33
13485,24,33
13486,24,33
13487,24,33
13488,24,33
13489,24,33
13490,24,33
13491,24,33
13492,24,33
13493,24,33
13494,24,33
13495,24,33
13496,24,33
13497,24,33
13498,24,33
13499,24,33
13500,24,33
13501,24,33
13502,24,33
13503,24,33
13504,24,33
13505,24,33
13506,24,33
13507,24,33
13508,24,33
13509,24,33
13510,24,33
13511,24,33
13512,24,33
13513,24,33
13514,24,33
13515,24,33
13516,24,33
13517,24,33
13518,24,33
13519,24,33
13520,24,33
13521,24,33
13522,24,33
13523,24,33
13524,24,33
13525,24,33
13526,24,33
13527,24,33
13528,24,33
13529,24,33
13530,24,33
13531,24,33
13532,24,33
13533,24,33
13534,24,33
13535,24,33
13536,24,33
13537,24,33
13538,24,33
13539,24,33
13540,24,33
13541,24,33
13542,24,33
13543,24,33
13544,24,33
13545,24,33
13546,24,33
13547,24,33
13548,24,33
13549,24,33
13550,24,33
13551,24,33
13552,24,33
13553,24,33
13554,24,33
13555,24,33
13556,24,33
13557,24,33
13558,24,33
13559,24,33
13560,24,33
13561,24,33
13562,24,33
13563,24,33
13564,24,33
13565,24,33
13566,24,33
13567,24,33
13568,24,33
13569,24,33
13570,24,33
13571,24,33
13572,24,33
13573,24,33
13574,24,33
13575,24,33
13576,24,33
13577,24,33
13578,24,33
13579,24,33
13580,24,33
13581,24,33
13582,24,33
13583,24,33
13584,24,33
13585,24,33
13586,24,33
13587,24,33
13588,24,33
13589,24,33
13590,24,33
13591,24,33
13592,24,33
13593,24,33
13594,24,33
13595,24,33
13596,24,33
13597,24,33
13598,24,33
13599,24,33
13600,24,33
13601,24,33
13602,24,33
13603,24,33
13604,24,33
13605,24,33
13606,24,33
13607,24,33
13608,24,33
13609,24,33
13610,24,33
13611,24,33
13612,24,33
13613,24,33
13614,24,33
13615,24,33
13616,24,33
13617,24,33
13618,24,33
13619,24,33
13620,24,33
13621,24,33
13622,24,33
13623,24,33
13624,24,33
13625,24,33
13626,24,33
13627,24,33
13628,24,33
13629,24,33
13630,24,33
13631,24,33
13632,24,33
13633,24,33
13634,24,33
13635,24,33
13636,24,33
13637,24,33
13638,24,33
13639,24,33
13640,24,33
13641,24,33
13642,24,33
13643,24,33
13644,24,33
13645,24,33
13646,24,33
13647,24,33
13648,24,33
13649,24,33
13650,24,33
13651,24,33
13652,24,33
13653,24,33
13654,24,33
13655,24,33
13656,24,33
13657,24,33
13658,24,33
13659,24,33
13660,24,33
13661,24,33
13662,24,33
13663,24,33
13664,24,33
13665,24,33
13666,24,33
13667,24,33
13668,24,33
13669,24,33
13670,24,33
13671,24,33
13672,24,33
13673,24,33
13674,24,33
13675,24,33
13676,24,33
13677,24,33
13678,24,33
13679,24,33
13680,24,33
13681,24,33
13682,24,33
13683,24,33
13684,24,33
13685,24,33
13686,24,33
13687,24,33
13688,24,33
13689,24,33
13690,24,33
13691,24,33
13692,24,33
13693,24,33
13694,24,33
13695,24,33
13696,24,33
13697,24,33
13698,24,33
13699,24,33
13700,24,33
13701,24,33
13702,24,33
13703,24,33
13704,24,33
13705,24,33
13706,24,33
13707,24,33
13708,24,33
13709,24,33
13710,24,33
13711,24,33
13712,24,33
13713,24,33
13714,24,33
13715,24,33
13716,24,33
13717,24,33
13718,24,33
13719,24,33
13720,24,33
13721,24,33
13722,24,33
13723,24,33
13724,24,33
13725,24,33
13726,24,33
13727,24,33
13728,24,34
13729,24,34
13730,24,34
13731,24,34
13732,24,34
13733,24,34
13734,24,34
13735,24,34
13736,24,34
13737,24,34
13738,24,34
13739,24,34
13740,24,34
13741,24,34
13742,24,34
13743,24,34
13744,24,34
13745,24,34
13746,24,34
13747,24,34
13748,24,34
13749,24,34
13750,24,34
13751,24,34
13752,24,34
13753,24,34
13754,24,34
13755,24,34
13756,24,34
13757,24,34
13758,24,34
13759,24,34
13760,24,34
13761,24,34
13762,24,34
13763,24,34
13764,24,34
13765,24,34
13766,24,34
13767,24,34
13768,24,34
13769,24,34
13770,24,34
13771,24,34
13772,24,34
13773,24,34
13774,24,34
13775,24,34
13776,24,34
13777,24,34
13778,24,34
13779,24,34
13780,24,34
13781,24,34
13782,24,34
13783,24,34
13784,24,34
13785,24,34
13786,24,34
13787,24,34
13788,24,34
13789,24,34
13790,24,34
13791,24,34
13792,24,34
13793,24,34
13794,24,34
13795,24,34
13796,24,34
13797,24,34
13798,24,34
13799,24,34
13800,24,34
13801,24,34
13802,24,34
13803,24,34
13804,24,34
13805,24,34
13806,24,34
13807,24,34
13808,24,34
13809,24,34
13810,24,34
13811,24,34
13812,24,34
13813,24,34
13814,24,34
13815,24,34
13816,24,34
13817,24,34
13818,24,34
13819,24,34
13820,24,34
13821,24,34
13822,24,34
13823,24,34
13824,24,34
13825,24,34
13826,24,34
13827,24,34
13828,24,34
13829,24,34
13830,24,34
13831,24,34
13832,24,34
13833,24,34
13834,24,34
13835,24,34
13836,24,34
13837,24,34
13838,24,34
13839,24,34
13840,24,34
13841,24,34
13842,24,34
13843,24,34
13844,24,34
13845,24,34
13846,24,34
13847,24,34
13848,24,34
13849,24,34
13850,24,34
13851,24,34
13852,24,34
13853,24,34
13854,24,34
13855,24,34
13856,24,34
13857,24,34
13858,24,34
13859,24,34
13860,24,34
13861,24,34
13862,24,34
13863,24,34
13864,24,34
13865,24,34
13866,24,34
13867,24,34
13868,24,34
13869,24,34
13870,24,34
13871,24,34
13872,24,34
13873,24,34
13874,24,34
13875,24,34
13876,24,34
13877,24,34
13878,24,34
13879,24,34
13880,24,34
13881,24,34
13882,24,34
13883,24,34
13884,24,34
13885,24,34
13886,24,34
13887,24,34
13888,24,34
13889,24,34
13890,24,34
13891,24,34
13892,24,34
13893,24,34
13894,24,34
13895,24,34
13896,24,34
13897,24,34
13898,24,34
13899,24,34
13900,24,34
13901,24,34
13902,24,34
13903,24,34
13904,24,34
13905,24,34
13906,24,34
13907,24,34
13908,24,34
13909,24,34
13910,24,34
13911,24,34
13912,24,34
13913,24,34
13914,24,34
13915,24,34
13916,24,34
13917,24,34
13918,24,34
13919,24,34
13920,24,34
13921,24,34
13922,24,34
13923,24,34
13924,24,34
13925,24,34
13926,24,34
13927,24,34
13928,24,34
13929,24,34
13930,24,34
13931,24,34
13932,24,34
13933,24,34
13934,24,34
13935,24,34
13936,24,34
13937,24,34
13938,24,34
13939,24,34
13940,24,34
13941,24,34
13942,24,34
13943,24,34
13944,24,34
13945,24,34
13946,24,34
13947,24,34
13948,24,34
13949,24,34
13950,24,34
13951,24,34
13952,24,34
13953,24,34
13954,24,34
13955,24,34
13956,24,34
13957,24,34
13958,24,34
13959,24,34
13960,24,34
13961,24,34
13962,24,34
13963,24,34
13964,24,34
13965,24,34
13966,24,34
13967,24,34
13968,24,34
13969,24,34
13970,24,34
13971,24,34
13972,24,35
13973,24,35
13974,24,35
13975,24,35
13976,24,35
13977,24,35
13978,24,35
13979,24,35
13980,24,35
13981,24,35
13982,24,35
13983,24,35
13984,24,35
13985,24,35
13986,24,35
13987,24,35
13988,24,35
13989,24,35
13990,24,35
13991,24,35
13992,24,35
13993,24,35
13994,24,35
13995,24,35
13996,24,35
13997,24,35
13998,24,35
13999,24,35
14000,24,35
14001,24,35
14002,24,35
14003,24,35
14004,24,35
14005,24,35
14006,24,35
14007,24,35
14008,24,35
14009,24,35
14010,24,35
14011,24,35
14012,24,35
14013,24,35
14014,24,35
14015,24,35
14016,24,35
14017,24,35
14018,24,35
14019,24,35
14020,24,35
14021,24,35
14022,24,35
14023,24,35
14024,24,35
14025,24,35
14026,24,35
14027,24,35
14028,24,35
14029,24,35
14030,24,35
14031,24,35
14032,24,35
14033,24,35
14034,24,35
14035,24,35
14036,24,35
14037,24,35
14038,24,35
14039,24,35
14040,24,35
14041,24,35
14042,24,35
14043,24,35
14044,24,35
14045,24,35
14046,24,35
14047,24,35
14048,24,35
14049,24,35
14050,24,35
14051,24,35
14052,24,35
14053,24,35
14054,24,35
14055,24,35
14056,24,35
14057,24,35
14058,24,35
14059,24,35
14060,24,35
14061,24,35
14062,24,35
14063,24,35
14064,24,35
14065,24,35
14066,24,35
14067,24,35
14068,24,35
14069,24,35
14070,24,35
14071,24,35
14072,24,35
14073,24,35
14074,24,35
14075,24,35
14076,24,35
14077,24,35
14078,24,35
14079,24,35
14080,24,35
14081,24,35
14082,24,35
14083,24,35
14084,24,35
14085,24,35
14086,24,35
14087,24,35
14088,24,35
14089,24,35
14090,24,35
14091,24,35
14092,24,35
14093,24,35
14094,24,35
14095,24,35
14096,24,35
14097,24,35
14098,24,35
14099,24,35
14100,24,35
14101,24,35
14102,24,35
14103,24,35
14104,24,35
14105,24,35
14106,24,35
14107,24,35
14108,24,35
14109,24,35
14110,24,35
14111,24,35
14112,24,35
14113,24,35
14114,24,35
14115,24,35
14116,24,35
14117,24,35
14118,24,35
14119,24,35
14120,24,35
14121,24,35
14122,24,35
14123,24,35
14124,24,35
14125,24,35
14126,24,35
14127,24,35
14128,24,35
14129,24,35
14130,24,35
14131,24,35
14132,24,35
14133,24,35
14134,24,35
14135,24,35
14136,24,35
14137,24,35
14138,24,35
14139,24,35
14140,24,35
14141,24,35
14142,24,35
14143,24,35
14144,24,35
14145,24,35
14146,24,35
14147,24,35
14148,24,35
14149,24,35
14150,24,35
14151,24,35
14152,24,35
14153,24,35
14154,24,35
14155,24,35
14156,24,35
14157,24,35
14158,24,35
14159,24,35
14160,24,35
14161,24,35
14162,24,35
14163,24,35
14164,24,35
14165,24,35
14166,24,35
14167,24,35
14168,24,35
14169,24,35
14170,24,35
14171,24,35
14172,24,35
14173,24,35
14174,24,35
14175,24,35
14176,24,35
14177,24,35
14178,24,35
14179,24,35
14180,24,35
14181,24,35
14182,24,35
14183,24,35
14184,24,35
14185,24,35
14186,24,35
14187,24,35
14188,24,35
14189,24,35
14190,24,35
14191,24,35
14192,24,35
14193,24,36
14194,24,36
14195,24,36
14196,24,36
14197,24,36
14198,24,36
14199,24,36
14200,24,36
14201,24,36
14202,24,36
14203,24,36
14204,24,36
14205,24,36
14206,24,36
14207,24,36
14208,24,36
14209,24,36
14210,24,36
14211,24,36
14212,24,36
14213,24,36
14214,24,36
14215,24,36
14216,24,36
14217,24,36
14218,24,36
14219,24,36
14220,24,36
14221,24,36
14222,24,36
14223,24,36
14224,24,36
14225,24,36
14226,24,36
14227,24,36
14228,24,36
14229,24,36
14230,24,36
14231,24,36
14232,24,36
14233,24,36
14234,24,36
14235,24,36
14236,24,36
14237,24,36
14238,24,36
14239,24,36
14240,24,36
14241,24,36
14242,24,36
14243,24,36
14244,24,36
14245,24,36
14246,24,36
14247,24,36
14248,24,36
14249,24,36
14250,24,36
14251,24,36
14252,24,36
14253,24,36
14254,24,36
14255,24,36
14256,24,36
14257,24,36
14258,24,36
14259,24,36
14260,24,36
14261,24,36
14262,24,36
14263,24,36
14264,24,36
14265,24,36
14266,24,36
14267,24,36
14268,24,36
14269,24,36
14270,24,36
14271,24,36
14272,24,36
14273,24,36
14274,24,36
14275,24,36
14276,24,36
14277,24,36
14278,24,36
14279,24,36
14280,24,36
14281,24,36
14282,24,36
14283,24,36
14284,24,36
14285,24,36
14286,24,36
14287,24,36
14288,24,36
14289,24,36
14290,24,36
14291,24,36
14292,24,36
14293,24,36
14294,24,36
14295,24,36
14296,24,36
14297,24,36
14298,24,36
14299,24,36
14300,24,36
14301,24,36
14302,24,36
14303,24,36
14304,24,36
14305,24,36
14306,24,36
14307,24,36
14308,24,36
14309,24,36
14310,24,36
14311,24,36
14312,24,36
14313,24,36
14314,24,36
14315,24,36
14316,24,36
14317,24,36
14318,24,36
14319,24,36
14320,24,36
14321,24,36
14322,24,36
14323,24,36
14324,24,36
14325,24,36
14326,24,36
14327,24,36
14328,24,36
14329,24,36
14330,24,36
14331,24,36
14332,24,36
14333,24,36
14334,24,36
14335,24,36
14336,24,36
14337,24,36
14338,24,36
14339,24,36
14340,24,36
14341,24,36
14342,24,36
14343,24,36
14344,24,36
14345,24,36
14346,24,36
14347,24,36
14348,24,36
14349,24,36
14350,24,36
14351,24,36
14352,24,36
14353,24,36
14354,24,36
14355,24,36
14356,24,36
14357,24,36
14358,24,36
14359,24,36
14360,24,36
14361,24,36
14362,24,36
14363,24,36
14364,24,36
14365,24,36
14366,24,36
14367,24,36
14368,24,36
14369,24,36
14370,24,36
14371,24,36
14372,24,36
14373,24,36
14374,24,36
14375,24,36
14376,24,36
14377,24,36
14378,24,36
14379,24,36
14380,24,36
14381,24,36
14382,24,36
14383,24,36
14384,24,36
14385,24,36
14386,24,36
14387,24,36
14388,24,36
14389,24,36
14390,24,36
14391,24,36
14392,24,36
14393,24,36
14394,24,36
14395,24,36
14396,24,36
14397,24,36
14398,24,36
14399,24,36
14400,24,36
14401,24,36
14402,24,36
14403,24,36
14404,24,36
14405,24,36
14406,24,36
14407,24,36
14408,24,36
14409,24,36
14410,24,36
14411,24,36
14412,24,36
14413,24,36
14414,24,36
14415,24,36
14416,24,36
14417,24,36
14418,24,36
14419,24,36
14420,24,36
14421,24,36
14422,24,36
14423,24,36
14424,24,36
14425,24,36
14426,24,36
14427,24,36
14428,24,36
14429,24,36
14430,24,36
14431,24,36
14432,24,36
14433,24,36
14434,24,36
14435,24,36
14436,24,36
14437,24,36
14438,24,36
14439,24,36
14440,24,36
14441,24,36
14442,24,36
14443,24,36
14444,24,36
14445,24,36
14446,24,36
14447,24,36
14448,24,36
14449,24,36
14450,24,36
14451,24,36
14452,24,36
14453,24,36
14454,24,36
14455,24,36
14456,24,36
14457,25,36
14458,25,36
14459,25,36
14460,25,36
14461,25,36
14462,25,36
14463,25,36
14464,25,36
14465,25,36
14466,25,36
14467,25,36
14468,25,36
14469,25,36
14470,25,36
14471,25,36
14472,25,36
14473,25,36
14474,25,36
14475,25,36
14476,25,36
14477,25,36
14478,25,36
14479,25,36
14480,25,36
14481,25,36
14482,25,36
14483,25,36
14484,25,36
14485,25,36
14486,25,36
14487,25,36
14488,25,36
14489,25,36
14490,25,36
14491,25,36
14492,25,36
14493,25,36
14494,25,36
14495,25,36
14496,25,36
14497,25,36
14498,25,36
14499,25,36
14500,25,36
14501,25,36
14502,25,36
14503,25,36
14504,25,36
14505,25,36
14506,25,36
14507,25,36
14508,25,36
14509,25,36
14510,25,36
14511,25,36
14512,25,36
14513,25,36
14514,25,36
14515,25,36
14516,25,36
14517,25,36
14518,25,36
14519,25,36
